-- MySQL dump 10.13  Distrib 8.0.26, for Linux (x86_64)
--
-- Host: localhost    Database: shop
-- ------------------------------------------------------
-- Server version	8.0.26-0ubuntu0.20.04.2

/*!40101 SET @OLD_CHARACTER_SET_CLIENT=@@CHARACTER_SET_CLIENT */;
/*!40101 SET @OLD_CHARACTER_SET_RESULTS=@@CHARACTER_SET_RESULTS */;
/*!40101 SET @OLD_COLLATION_CONNECTION=@@COLLATION_CONNECTION */;
/*!50503 SET NAMES utf8mb4 */;
/*!40103 SET @OLD_TIME_ZONE=@@TIME_ZONE */;
/*!40103 SET TIME_ZONE='+00:00' */;
/*!40014 SET @OLD_UNIQUE_CHECKS=@@UNIQUE_CHECKS, UNIQUE_CHECKS=0 */;
/*!40014 SET @OLD_FOREIGN_KEY_CHECKS=@@FOREIGN_KEY_CHECKS, FOREIGN_KEY_CHECKS=0 */;
/*!40101 SET @OLD_SQL_MODE=@@SQL_MODE, SQL_MODE='NO_AUTO_VALUE_ON_ZERO' */;
/*!40111 SET @OLD_SQL_NOTES=@@SQL_NOTES, SQL_NOTES=0 */;

--
-- Table structure for table `DimensionProducts`
--

DROP TABLE IF EXISTS `DimensionProducts`;
/*!40101 SET @saved_cs_client     = @@character_set_client */;
/*!50503 SET character_set_client = utf8mb4 */;
CREATE TABLE `DimensionProducts` (
  `id` int NOT NULL AUTO_INCREMENT,
  `dimension` varchar(255) COLLATE utf8mb4_bin NOT NULL,
  `count` int DEFAULT NULL,
  `OldPrice` int DEFAULT NULL,
  `NewPrice` int DEFAULT NULL,
  `createdAt` datetime NOT NULL,
  `updatedAt` datetime NOT NULL,
  `productId` int DEFAULT NULL,
  PRIMARY KEY (`id`),
  KEY `productId` (`productId`),
  CONSTRAINT `DimensionProducts_ibfk_1` FOREIGN KEY (`productId`) REFERENCES `products` (`id`) ON DELETE SET NULL ON UPDATE CASCADE
) ENGINE=InnoDB AUTO_INCREMENT=1416 DEFAULT CHARSET=utf8mb4 COLLATE=utf8mb4_bin;
/*!40101 SET character_set_client = @saved_cs_client */;

--
-- Dumping data for table `DimensionProducts`
--

LOCK TABLES `DimensionProducts` WRITE;
/*!40000 ALTER TABLE `DimensionProducts` DISABLE KEYS */;
INSERT INTO `DimensionProducts` VALUES (1,'52-80',NULL,420,588,'2021-09-02 14:12:41','2021-09-02 14:12:41',1),(2,'48-74',4,420,588,'2021-09-02 14:12:41','2021-09-02 14:12:41',1),(3,'44-68',6,420,588,'2021-09-02 14:12:41','2021-09-02 14:12:41',1),(4,'44-68',29,470,658,'2021-09-02 14:12:41','2021-09-02 14:12:41',2),(5,'48-74',24,470,658,'2021-09-02 14:12:41','2021-09-02 14:12:41',2),(6,'52-80',27,470,658,'2021-09-02 14:12:41','2021-09-02 14:12:41',2),(7,'60-92',5,760,1064,'2021-09-02 14:12:41','2021-09-02 14:12:41',3),(8,'48-74',24,760,1064,'2021-09-02 14:12:41','2021-09-02 14:12:41',3),(9,'52-80',14,760,1064,'2021-09-02 14:12:41','2021-09-02 14:12:41',3),(10,'56-86',8,760,1064,'2021-09-02 14:12:41','2021-09-02 14:12:41',3),(11,'52-80',41,540,756,'2021-09-02 14:12:41','2021-09-02 14:12:41',4),(12,'56-86',40,540,756,'2021-09-02 14:12:41','2021-09-02 14:12:41',4),(13,'60-92',35,540,756,'2021-09-02 14:12:41','2021-09-02 14:12:41',4),(14,'56-104',43,310,434,'2021-09-02 14:12:41','2021-09-02 14:12:41',5),(15,'56-98',46,310,434,'2021-09-02 14:12:41','2021-09-02 14:12:41',5),(16,'52-92',44,310,434,'2021-09-02 14:12:41','2021-09-02 14:12:41',5),(17,'48-86',47,310,434,'2021-09-02 14:12:41','2021-09-02 14:12:41',5),(18,'44-74',22,290,406,'2021-09-02 14:12:41','2021-09-02 14:12:41',6),(19,'48-80',26,290,406,'2021-09-02 14:12:41','2021-09-02 14:12:41',6),(20,'52-92',26,290,406,'2021-09-02 14:12:41','2021-09-02 14:12:41',6),(21,'48-86',25,290,406,'2021-09-02 14:12:41','2021-09-02 14:12:41',6),(22,'56-104',21,340,476,'2021-09-02 14:12:41','2021-09-02 14:12:41',7),(23,'48-92',30,340,476,'2021-09-02 14:12:41','2021-09-02 14:12:41',7),(24,'48-80,86',35,340,476,'2021-09-02 14:12:41','2021-09-02 14:12:41',7),(25,'52-98',25,340,476,'2021-09-02 14:12:41','2021-09-02 14:12:41',7),(26,'72-140',6,650,910,'2021-09-02 14:12:41','2021-09-02 14:12:41',8),(27,'76-146',4,690,966,'2021-09-02 14:12:41','2021-09-02 14:12:41',8),(28,'56-98',NULL,410,574,'2021-09-02 14:12:41','2021-09-02 14:12:41',8),(29,'56-104',NULL,410,574,'2021-09-02 14:12:41','2021-09-02 14:12:41',8),(30,'60-110',NULL,550,770,'2021-09-02 14:12:41','2021-09-02 14:12:41',8),(31,'60-116',4,550,770,'2021-09-02 14:12:41','2021-09-02 14:12:41',8),(32,'64-122',3,550,770,'2021-09-02 14:12:41','2021-09-02 14:12:41',8),(33,'64-128',1,650,910,'2021-09-02 14:12:41','2021-09-02 14:12:41',8),(34,'68-134',5,650,910,'2021-09-02 14:12:41','2021-09-02 14:12:41',8),(35,'44-68',NULL,310,434,'2021-09-02 14:12:41','2021-09-02 14:12:41',9),(36,'52-80',24,310,434,'2021-09-02 14:12:41','2021-09-02 14:12:41',9),(37,'56-86',23,310,434,'2021-09-02 14:12:41','2021-09-02 14:12:41',9),(38,'60-92',22,310,434,'2021-09-02 14:12:41','2021-09-02 14:12:41',9),(39,'48-74',27,310,434,'2021-09-02 14:12:41','2021-09-02 14:12:41',9),(40,'64-122,128',28,410,574,'2021-09-02 14:12:41','2021-09-02 14:12:41',10),(41,'60-110,116',14,360,504,'2021-09-02 14:12:41','2021-09-02 14:12:41',10),(42,'68-134',29,410,574,'2021-09-02 14:12:41','2021-09-02 14:12:41',10),(43,'56-98,104',20,360,504,'2021-09-02 14:12:41','2021-09-02 14:12:41',10),(44,'52-92',22,310,434,'2021-09-02 14:12:41','2021-09-02 14:12:41',10),(45,'48-80,86',20,310,434,'2021-09-02 14:12:41','2021-09-02 14:12:41',10),(46,'60-110',34,290,406,'2021-09-02 14:12:41','2021-09-02 14:12:41',11),(47,'56-104',31,290,406,'2021-09-02 14:12:41','2021-09-02 14:12:41',11),(48,'60-116',33,290,406,'2021-09-02 14:12:41','2021-09-02 14:12:41',11),(49,'64-128',41,290,406,'2021-09-02 14:12:41','2021-09-02 14:12:41',11),(50,'64-122',35,290,406,'2021-09-02 14:12:41','2021-09-02 14:12:41',11),(51,'56-104',3,364,510,'2021-09-02 14:12:41','2021-09-02 14:12:41',12),(52,'60-116',1,364,510,'2021-09-02 14:12:41','2021-09-02 14:12:41',12),(53,'64-122',NULL,364,510,'2021-09-02 14:12:41','2021-09-02 14:12:41',12),(54,'56-98',9,364,510,'2021-09-02 14:12:41','2021-09-02 14:12:41',12),(55,'60-110',6,364,510,'2021-09-02 14:12:41','2021-09-02 14:12:41',12),(56,'60-110',14,460,644,'2021-09-02 14:12:41','2021-09-02 14:12:41',13),(57,'52-92',6,460,644,'2021-09-02 14:12:41','2021-09-02 14:12:41',13),(58,'64-122',17,460,644,'2021-09-02 14:12:41','2021-09-02 14:12:41',13),(59,'64-128',17,460,644,'2021-09-02 14:12:41','2021-09-02 14:12:41',13),(60,'60-116',17,460,644,'2021-09-02 14:12:41','2021-09-02 14:12:41',13),(61,'56-98',4,460,644,'2021-09-02 14:12:41','2021-09-02 14:12:41',13),(62,'56-104',9,460,644,'2021-09-02 14:12:41','2021-09-02 14:12:41',13),(63,'60-110',9,980,1372,'2021-09-02 14:12:41','2021-09-02 14:12:41',14),(64,'60-116',5,980,1372,'2021-09-02 14:12:41','2021-09-02 14:12:41',14),(65,'56-98',7,950,1330,'2021-09-02 14:12:41','2021-09-02 14:12:41',14),(66,'64-122',8,1100,1540,'2021-09-02 14:12:41','2021-09-02 14:12:41',14),(67,'52-92',9,950,1330,'2021-09-02 14:12:41','2021-09-02 14:12:41',14),(68,'64-128',11,1100,1540,'2021-09-02 14:12:41','2021-09-02 14:12:41',14),(69,'56-104',12,980,1372,'2021-09-02 14:12:41','2021-09-02 14:12:41',14),(70,'52-80',5,650,910,'2021-09-02 14:12:41','2021-09-02 14:12:41',15),(71,'44-68',4,650,910,'2021-09-02 14:12:41','2021-09-02 14:12:41',15),(72,'40-62',6,650,910,'2021-09-02 14:12:41','2021-09-02 14:12:41',15),(73,'48-74',5,650,910,'2021-09-02 14:12:41','2021-09-02 14:12:41',15),(74,'52-92',48,350,490,'2021-09-02 14:12:41','2021-09-02 14:12:41',16),(75,'48-86',47,350,490,'2021-09-02 14:12:41','2021-09-02 14:12:41',16),(76,'56-98',47,350,490,'2021-09-02 14:12:41','2021-09-02 14:12:41',16),(77,'56-104',46,350,490,'2021-09-02 14:12:41','2021-09-02 14:12:41',16),(78,'68-134',6,750,1050,'2021-09-02 14:12:41','2021-09-02 14:12:41',17),(79,'76-146',5,750,1050,'2021-09-02 14:12:41','2021-09-02 14:12:41',17),(80,'56-98',NULL,690,966,'2021-09-02 14:12:41','2021-09-02 14:12:41',17),(81,'72-140',6,750,1050,'2021-09-02 14:12:41','2021-09-02 14:12:41',17),(82,'60-110',NULL,690,966,'2021-09-02 14:12:41','2021-09-02 14:12:41',17),(83,'64-128',NULL,750,1050,'2021-09-02 14:12:41','2021-09-02 14:12:41',17),(84,'64-122',4,690,966,'2021-09-02 14:12:41','2021-09-02 14:12:41',17),(85,'60-116',5,690,966,'2021-09-02 14:12:41','2021-09-02 14:12:41',17),(86,'56-104',NULL,690,966,'2021-09-02 14:12:41','2021-09-02 14:12:41',17),(87,'60-110',3,38,53,'2021-09-02 14:12:41','2021-09-02 14:12:41',18),(88,'64-128',6,368,515,'2021-09-02 14:12:41','2021-09-02 14:12:41',18),(89,'64-122',2,368,515,'2021-09-02 14:12:41','2021-09-02 14:12:41',18),(90,'60-116',3,368,515,'2021-09-02 14:12:41','2021-09-02 14:12:41',18),(91,'56-104',2,368,515,'2021-09-02 14:12:41','2021-09-02 14:12:41',18),(92,'60-110',6,392,549,'2021-09-02 14:12:41','2021-09-02 14:12:41',19),(93,'64-122',NULL,460,644,'2021-09-02 14:12:41','2021-09-02 14:12:41',19),(94,'60-116',1,392,549,'2021-09-02 14:12:41','2021-09-02 14:12:41',19),(95,'56-104',5,392,549,'2021-09-02 14:12:41','2021-09-02 14:12:41',19),(96,'56-98',4,392,549,'2021-09-02 14:12:42','2021-09-02 14:12:42',19),(97,'68-134',13,392,549,'2021-09-02 14:12:42','2021-09-02 14:12:42',20),(98,'60-110,116',8,392,549,'2021-09-02 14:12:42','2021-09-02 14:12:42',20),(99,'56-98,104',8,392,549,'2021-09-02 14:12:42','2021-09-02 14:12:42',20),(100,'64-122,128',13,392,549,'2021-09-02 14:12:42','2021-09-02 14:12:42',20),(101,'44-68',NULL,380,532,'2021-09-02 14:12:42','2021-09-02 14:12:42',21),(102,'56-86',39,380,532,'2021-09-02 14:12:42','2021-09-02 14:12:42',21),(103,'60-92',36,380,532,'2021-09-02 14:12:42','2021-09-02 14:12:42',21),(104,'52-80',41,380,532,'2021-09-02 14:12:42','2021-09-02 14:12:42',21),(105,'48-74',44,380,532,'2021-09-02 14:12:42','2021-09-02 14:12:42',21),(106,'36-56',NULL,55,77,'2021-09-02 14:12:42','2021-09-02 14:12:42',22),(107,'40-62',16,60,84,'2021-09-02 14:12:42','2021-09-02 14:12:42',22),(108,'44-68',27,60,84,'2021-09-02 14:12:42','2021-09-02 14:12:42',22),(109,'52-80',14,60,84,'2021-09-02 14:12:42','2021-09-02 14:12:42',22),(110,'48-74',14,60,84,'2021-09-02 14:12:42','2021-09-02 14:12:42',22),(111,'48-74',2,80,112,'2021-09-02 14:12:42','2021-09-02 14:12:42',23),(112,'52-80',4,80,112,'2021-09-02 14:12:42','2021-09-02 14:12:42',23),(113,'44-68',10,80,112,'2021-09-02 14:12:42','2021-09-02 14:12:42',23),(114,'40-62',12,60,84,'2021-09-02 14:12:42','2021-09-02 14:12:42',23),(115,'36-56',2,60,84,'2021-09-02 14:12:42','2021-09-02 14:12:42',23),(116,'64-122,128',14,350,490,'2021-09-02 14:12:42','2021-09-02 14:12:42',24),(117,'72-140,146',16,350,490,'2021-09-02 14:12:42','2021-09-02 14:12:42',24),(118,'68-134',14,350,490,'2021-09-02 14:12:42','2021-09-02 14:12:42',24),(119,'60-110,116',12,320,448,'2021-09-02 14:12:42','2021-09-02 14:12:42',24),(120,'56-98,104',14,320,448,'2021-09-02 14:12:42','2021-09-02 14:12:42',24),(121,'48-80',12,240,336,'2021-09-02 14:12:42','2021-09-02 14:12:42',25),(122,'44-74',12,240,336,'2021-09-02 14:12:42','2021-09-02 14:12:42',25),(123,'56-98',2,240,336,'2021-09-02 14:12:42','2021-09-02 14:12:42',25),(124,'52-92',2,240,336,'2021-09-02 14:12:42','2021-09-02 14:12:42',25),(125,'48-86',6,240,336,'2021-09-02 14:12:42','2021-09-02 14:12:42',25),(126,'56-98,104',4,290,406,'2021-09-02 14:12:42','2021-09-02 14:12:42',26),(127,'60-110,116',16,290,406,'2021-09-02 14:12:42','2021-09-02 14:12:42',26),(128,'48-86',8,290,406,'2021-09-02 14:12:42','2021-09-02 14:12:42',26),(129,'52-92',9,290,406,'2021-09-02 14:12:42','2021-09-02 14:12:42',26),(130,'48-86',6,280,392,'2021-09-02 14:12:42','2021-09-02 14:12:42',27),(131,'52-92',5,280,392,'2021-09-02 14:12:42','2021-09-02 14:12:42',27),(132,'56-98',5,280,392,'2021-09-02 14:12:42','2021-09-02 14:12:42',27),(133,'60-104',6,280,392,'2021-09-02 14:12:42','2021-09-02 14:12:42',27),(134,'68-134',18,290,406,'2021-09-02 14:12:42','2021-09-02 14:12:42',28),(135,'56-98,104',14,290,406,'2021-09-02 14:12:42','2021-09-02 14:12:42',28),(136,'60-110,116',16,290,406,'2021-09-02 14:12:42','2021-09-02 14:12:42',28),(137,'64-122,128',17,290,406,'2021-09-02 14:12:42','2021-09-02 14:12:42',28),(138,'72-140,146',19,290,406,'2021-09-02 14:12:42','2021-09-02 14:12:42',28),(139,'60-110,116',12,290,406,'2021-09-02 14:12:42','2021-09-02 14:12:42',29),(140,'68-134',15,290,406,'2021-09-02 14:12:42','2021-09-02 14:12:42',29),(141,'72-140,146',12,290,406,'2021-09-02 14:12:42','2021-09-02 14:12:42',29),(142,'64-122,128',10,290,406,'2021-09-02 14:12:42','2021-09-02 14:12:42',29),(143,'52-80',32,250,350,'2021-09-02 14:12:42','2021-09-02 14:12:42',30),(144,'52-86',28,250,350,'2021-09-02 14:12:42','2021-09-02 14:12:42',30),(145,'56-92',27,250,350,'2021-09-02 14:12:42','2021-09-02 14:12:42',30),(146,'48-74',39,250,350,'2021-09-02 14:12:42','2021-09-02 14:12:42',30),(147,'56-104',31,320,448,'2021-09-02 14:12:42','2021-09-02 14:12:42',31),(148,'60-116',29,320,448,'2021-09-02 14:12:42','2021-09-02 14:12:42',31),(149,'64-128',38,340,476,'2021-09-02 14:12:42','2021-09-02 14:12:42',31),(150,'68-134',33,340,476,'2021-09-02 14:12:42','2021-09-02 14:12:42',31),(151,'72-140',7,360,504,'2021-09-02 14:12:42','2021-09-02 14:12:42',31),(152,'64-122',16,320,448,'2021-09-02 14:12:42','2021-09-02 14:12:42',31),(153,'60-110',18,320,448,'2021-09-02 14:12:42','2021-09-02 14:12:42',31),(154,'68-134',NULL,350,490,'2021-09-02 14:12:42','2021-09-02 14:12:42',32),(155,'72-140',1,350,490,'2021-09-02 14:12:42','2021-09-02 14:12:42',32),(156,'76-146',2,350,490,'2021-09-02 14:12:42','2021-09-02 14:12:42',32),(157,'56-104',NULL,290,406,'2021-09-02 14:12:42','2021-09-02 14:12:42',32),(158,'60-116',NULL,290,406,'2021-09-02 14:12:42','2021-09-02 14:12:42',32),(159,'64-128',NULL,290,406,'2021-09-02 14:12:42','2021-09-02 14:12:42',32),(160,'56-104',2,192,269,'2021-09-02 14:12:42','2021-09-02 14:12:42',33),(161,'60-110',6,208,291,'2021-09-02 14:12:42','2021-09-02 14:12:42',33),(162,'60-116',19,208,291,'2021-09-02 14:12:42','2021-09-02 14:12:42',33),(163,'64-128',NULL,260,364,'2021-09-02 14:12:42','2021-09-02 14:12:42',33),(164,'72-140',NULL,280,392,'2021-09-02 14:12:42','2021-09-02 14:12:42',33),(165,'76-146',NULL,280,392,'2021-09-02 14:12:42','2021-09-02 14:12:42',33),(166,'64-122',2,208,291,'2021-09-02 14:12:42','2021-09-02 14:12:42',33),(167,'68-134',NULL,280,392,'2021-09-02 14:12:42','2021-09-02 14:12:42',33),(168,'48-80',8,190,266,'2021-09-02 14:12:42','2021-09-02 14:12:42',33),(169,'48-86',7,19,27,'2021-09-02 14:12:42','2021-09-02 14:12:42',33),(170,'52-92',2,192,269,'2021-09-02 14:12:42','2021-09-02 14:12:42',33),(171,'56-98',3,240,336,'2021-09-02 14:12:42','2021-09-02 14:12:42',33),(172,'76-146',NULL,220,308,'2021-09-02 14:12:42','2021-09-02 14:12:42',34),(173,'76-146,152',27,260,364,'2021-09-02 14:12:42','2021-09-02 14:12:42',34),(174,'48-80',9,220,308,'2021-09-02 14:12:42','2021-09-02 14:12:42',34),(175,'80-158',27,260,364,'2021-09-02 14:12:42','2021-09-02 14:12:42',34),(176,'48-86',9,220,308,'2021-09-02 14:12:42','2021-09-02 14:12:42',34),(177,'52-92',23,220,308,'2021-09-02 14:12:42','2021-09-02 14:12:42',34),(178,'68-134',39,260,364,'2021-09-02 14:12:42','2021-09-02 14:12:42',34),(179,'72-140',NULL,260,364,'2021-09-02 14:12:42','2021-09-02 14:12:42',34),(180,'56-104',22,240,336,'2021-09-02 14:12:42','2021-09-02 14:12:42',34),(181,'60-110',20,260,364,'2021-09-02 14:12:42','2021-09-02 14:12:42',34),(182,'60-116',21,260,364,'2021-09-02 14:12:42','2021-09-02 14:12:42',34),(183,'64-122',37,260,364,'2021-09-02 14:12:42','2021-09-02 14:12:42',34),(184,'64-128',25,260,364,'2021-09-02 14:12:42','2021-09-02 14:12:42',34),(185,'56-98',24,240,336,'2021-09-02 14:12:42','2021-09-02 14:12:42',34),(186,'48-74',66,245,343,'2021-09-02 14:12:42','2021-09-02 14:12:42',35),(187,'48-80',68,245,343,'2021-09-02 14:12:42','2021-09-02 14:12:42',35),(188,'52-86',65,245,343,'2021-09-02 14:12:42','2021-09-02 14:12:42',35),(189,'52-92',65,245,343,'2021-09-02 14:12:42','2021-09-02 14:12:42',35),(190,'48-86',10,320,448,'2021-09-02 14:12:42','2021-09-02 14:12:42',36),(191,'60-110,116',11,320,448,'2021-09-02 14:12:42','2021-09-02 14:12:42',36),(192,'52-92',11,320,448,'2021-09-02 14:12:42','2021-09-02 14:12:42',36),(193,'56-98,104',5,320,448,'2021-09-02 14:12:42','2021-09-02 14:12:42',36),(194,'48-86',5,320,448,'2021-09-02 14:12:42','2021-09-02 14:12:42',37),(195,'60-110,116',NULL,320,448,'2021-09-02 14:12:42','2021-09-02 14:12:42',37),(196,'52-92',4,320,448,'2021-09-02 14:12:42','2021-09-02 14:12:42',37),(197,'56-98,104',NULL,320,448,'2021-09-02 14:12:42','2021-09-02 14:12:42',37),(198,'52-80',2,180,252,'2021-09-02 14:12:42','2021-09-02 14:12:42',38),(199,'56-86',2,180,252,'2021-09-02 14:12:42','2021-09-02 14:12:42',38),(200,'44-68',5,180,252,'2021-09-02 14:12:42','2021-09-02 14:12:42',38),(201,'48-74',6,180,252,'2021-09-02 14:12:42','2021-09-02 14:12:42',38),(202,'56-98,104',5,160,224,'2021-09-02 14:12:42','2021-09-02 14:12:42',39),(203,'60-110,116',5,160,224,'2021-09-02 14:12:42','2021-09-02 14:12:42',39),(204,'68-134',5,160,224,'2021-09-02 14:12:42','2021-09-02 14:12:42',39),(205,'64-122,128',7,160,224,'2021-09-02 14:12:42','2021-09-02 14:12:42',39),(206,'64-122,128',22,290,406,'2021-09-02 14:12:42','2021-09-02 14:12:42',40),(207,'68-134',23,290,406,'2021-09-02 14:12:42','2021-09-02 14:12:42',40),(208,'56-98,104',22,290,406,'2021-09-02 14:12:42','2021-09-02 14:12:42',40),(209,'60-110,116',22,290,406,'2021-09-02 14:12:42','2021-09-02 14:12:42',40),(210,'60-110,116',NULL,220,308,'2021-09-02 14:12:42','2021-09-02 14:12:42',41),(211,'56-98,104',NULL,220,308,'2021-09-02 14:12:42','2021-09-02 14:12:42',41),(212,'68-134',NULL,220,308,'2021-09-02 14:12:42','2021-09-02 14:12:42',41),(213,'64-122,128',2,220,308,'2021-09-02 14:12:42','2021-09-02 14:12:42',41),(214,'64-122,128',11,280,392,'2021-09-02 14:12:42','2021-09-02 14:12:42',42),(215,'72-140,146',12,280,392,'2021-09-02 14:12:42','2021-09-02 14:12:42',42),(216,'68-134',12,280,392,'2021-09-02 14:12:42','2021-09-02 14:12:42',42),(217,'60-110,116',13,280,392,'2021-09-02 14:12:42','2021-09-02 14:12:42',42),(218,'48-74',6,156,218,'2021-09-02 14:12:42','2021-09-02 14:12:42',43),(219,'52-80',NULL,195,273,'2021-09-02 14:12:42','2021-09-02 14:12:42',43),(220,'56-86',1,156,218,'2021-09-02 14:12:42','2021-09-02 14:12:42',43),(221,'44-68',15,156,218,'2021-09-02 14:12:42','2021-09-02 14:12:42',43),(222,'60-110,116',31,260,364,'2021-09-02 14:12:42','2021-09-02 14:12:42',44),(223,'56-98,104',26,260,364,'2021-09-02 14:12:42','2021-09-02 14:12:42',44),(224,'64-122,128',34,260,364,'2021-09-02 14:12:42','2021-09-02 14:12:42',44),(225,'68-134',38,260,364,'2021-09-02 14:12:42','2021-09-02 14:12:42',44),(226,'44-68',16,144,202,'2021-09-02 14:12:42','2021-09-02 14:12:42',45),(227,'52-80',NULL,180,252,'2021-09-02 14:12:42','2021-09-02 14:12:42',45),(228,'56-86',NULL,180,252,'2021-09-02 14:12:43','2021-09-02 14:12:43',45),(229,'48-74',14,144,202,'2021-09-02 14:12:43','2021-09-02 14:12:43',45),(230,'52-86',12,440,616,'2021-09-02 14:12:43','2021-09-02 14:12:43',46),(231,'48-80',13,440,616,'2021-09-02 14:12:43','2021-09-02 14:12:43',46),(232,'48-74',17,440,616,'2021-09-02 14:12:43','2021-09-02 14:12:43',46),(233,'52-92',NULL,440,616,'2021-09-02 14:12:43','2021-09-02 14:12:43',46),(234,'56-98',4,290,406,'2021-09-02 14:12:43','2021-09-02 14:12:43',47),(235,'52-92',3,290,406,'2021-09-02 14:12:43','2021-09-02 14:12:43',47),(236,'48-86',5,290,406,'2021-09-02 14:12:43','2021-09-02 14:12:43',47),(237,'48-80',9,290,406,'2021-09-02 14:12:43','2021-09-02 14:12:43',47),(238,'44-74',12,290,406,'2021-09-02 14:12:43','2021-09-02 14:12:43',47),(239,'56-98',9,230,322,'2021-09-02 14:12:43','2021-09-02 14:12:43',48),(240,'48-86',7,230,322,'2021-09-02 14:12:43','2021-09-02 14:12:43',48),(241,'48-80',11,230,322,'2021-09-02 14:12:43','2021-09-02 14:12:43',48),(242,'44-74',13,230,322,'2021-09-02 14:12:43','2021-09-02 14:12:43',48),(243,'52-92',9,230,322,'2021-09-02 14:12:43','2021-09-02 14:12:43',48),(244,'56-92',17,220,308,'2021-09-02 14:12:43','2021-09-02 14:12:43',49),(245,'48-74',33,220,308,'2021-09-02 14:12:43','2021-09-02 14:12:43',49),(246,'52-80',21,220,308,'2021-09-02 14:12:43','2021-09-02 14:12:43',49),(247,'56-86',23,220,308,'2021-09-02 14:12:43','2021-09-02 14:12:43',49),(248,'56-98,104',17,420,588,'2021-09-02 14:12:43','2021-09-02 14:12:43',50),(249,'52-92',13,420,588,'2021-09-02 14:12:43','2021-09-02 14:12:43',50),(250,'48-86',14,420,588,'2021-09-02 14:12:43','2021-09-02 14:12:43',50),(251,'60-110,116',18,420,588,'2021-09-02 14:12:43','2021-09-02 14:12:43',50),(252,'56-98,104',17,210,294,'2021-09-02 14:12:43','2021-09-02 14:12:43',51),(253,'64-122,128',17,210,294,'2021-09-02 14:12:43','2021-09-02 14:12:43',51),(254,'68-134',17,210,294,'2021-09-02 14:12:43','2021-09-02 14:12:43',51),(255,'60-110,116',17,210,294,'2021-09-02 14:12:43','2021-09-02 14:12:43',51),(256,'60-110',20,380,532,'2021-09-02 14:12:43','2021-09-02 14:12:43',52),(257,'56-104',19,380,532,'2021-09-02 14:12:43','2021-09-02 14:12:43',52),(258,'52-98',19,380,532,'2021-09-02 14:12:43','2021-09-02 14:12:43',52),(259,'48-92',21,380,532,'2021-09-02 14:12:43','2021-09-02 14:12:43',52),(260,'52-92',7,240,336,'2021-09-02 14:12:43','2021-09-02 14:12:43',53),(261,'48-74',14,240,336,'2021-09-02 14:12:43','2021-09-02 14:12:43',53),(262,'56-98',13,240,336,'2021-09-02 14:12:43','2021-09-02 14:12:43',53),(263,'48-80',11,240,336,'2021-09-02 14:12:43','2021-09-02 14:12:43',53),(264,'48-86',10,240,336,'2021-09-02 14:12:43','2021-09-02 14:12:43',53),(265,'52-80',11,190,266,'2021-09-02 14:12:43','2021-09-02 14:12:43',54),(266,'48-74',14,190,266,'2021-09-02 14:12:43','2021-09-02 14:12:43',54),(267,'56-92',5,190,266,'2021-09-02 14:12:43','2021-09-02 14:12:43',54),(268,'56-98',12,190,266,'2021-09-02 14:12:43','2021-09-02 14:12:43',54),(269,'56-86',9,190,266,'2021-09-02 14:12:43','2021-09-02 14:12:43',54),(270,'48-86',23,290,406,'2021-09-02 14:12:43','2021-09-02 14:12:43',55),(271,'52-92',19,290,406,'2021-09-02 14:12:43','2021-09-02 14:12:43',55),(272,'56-98',29,290,406,'2021-09-02 14:12:43','2021-09-02 14:12:43',55),(273,'56-104',22,290,406,'2021-09-02 14:12:43','2021-09-02 14:12:43',55),(274,'56-104',6,350,490,'2021-09-02 14:12:43','2021-09-02 14:12:43',56),(275,'52-92',5,350,490,'2021-09-02 14:12:43','2021-09-02 14:12:43',56),(276,'48-86',7,350,490,'2021-09-02 14:12:43','2021-09-02 14:12:43',56),(277,'56-98',9,350,490,'2021-09-02 14:12:43','2021-09-02 14:12:43',56),(278,'48-74',10,280,392,'2021-09-02 14:12:43','2021-09-02 14:12:43',57),(279,'44-68',12,280,392,'2021-09-02 14:12:43','2021-09-02 14:12:43',57),(280,'56-86',NULL,280,392,'2021-09-02 14:12:43','2021-09-02 14:12:43',57),(281,'52-80',4,280,392,'2021-09-02 14:12:43','2021-09-02 14:12:43',57),(282,'56-86',63,150,210,'2021-09-02 14:12:43','2021-09-02 14:12:43',58),(283,'52-80',69,150,210,'2021-09-02 14:12:43','2021-09-02 14:12:43',58),(284,'48-74',69,150,210,'2021-09-02 14:12:43','2021-09-02 14:12:43',58),(285,'44-68',74,150,210,'2021-09-02 14:12:43','2021-09-02 14:12:43',58),(286,'56-92',NULL,180,252,'2021-09-02 14:12:43','2021-09-02 14:12:43',59),(287,'52-80',7,170,238,'2021-09-02 14:12:43','2021-09-02 14:12:43',59),(288,'56-86',2,170,238,'2021-09-02 14:12:43','2021-09-02 14:12:43',59),(289,'60-98',NULL,180,252,'2021-09-02 14:12:43','2021-09-02 14:12:43',59),(290,'48-74',12,170,238,'2021-09-02 14:12:43','2021-09-02 14:12:43',59),(291,'44-68',23,165,231,'2021-09-02 14:12:43','2021-09-02 14:12:43',59),(292,'52-80',11,350,490,'2021-09-02 14:12:43','2021-09-02 14:12:43',60),(293,'48-74',12,350,490,'2021-09-02 14:12:43','2021-09-02 14:12:43',60),(294,'56-92',NULL,350,490,'2021-09-02 14:12:43','2021-09-02 14:12:43',60),(295,'52-86',8,350,490,'2021-09-02 14:12:43','2021-09-02 14:12:43',60),(296,'44-68',2,220,308,'2021-09-02 14:12:43','2021-09-02 14:12:43',61),(297,'48-74',NULL,220,308,'2021-09-02 14:12:43','2021-09-02 14:12:43',61),(298,'56-86',1,220,308,'2021-09-02 14:12:43','2021-09-02 14:12:43',61),(299,'52-80',NULL,220,308,'2021-09-02 14:12:43','2021-09-02 14:12:43',61),(300,'60-110',NULL,350,490,'2021-09-02 14:12:43','2021-09-02 14:12:43',62),(301,'56-104',NULL,350,490,'2021-09-02 14:12:43','2021-09-02 14:12:43',62),(302,'52-98',1,280,392,'2021-09-02 14:12:43','2021-09-02 14:12:43',62),(303,'48-92',1,280,392,'2021-09-02 14:12:43','2021-09-02 14:12:43',62),(304,'36-56',14,350,490,'2021-09-02 14:12:43','2021-09-02 14:12:43',63),(305,'44-68',14,350,490,'2021-09-02 14:12:43','2021-09-02 14:12:43',63),(306,'40-62',16,350,490,'2021-09-02 14:12:43','2021-09-02 14:12:43',63),(307,'44-68',1,390,546,'2021-09-02 14:12:43','2021-09-02 14:12:43',64),(308,'48-74',3,390,546,'2021-09-02 14:12:43','2021-09-02 14:12:43',64),(309,'52-80',NULL,390,546,'2021-09-02 14:12:43','2021-09-02 14:12:43',64),(310,'56-86',NULL,390,546,'2021-09-02 14:12:43','2021-09-02 14:12:43',64),(311,'36-56',57,50,70,'2021-09-02 14:12:43','2021-09-02 14:12:43',65),(312,'52-80',9,60,84,'2021-09-02 14:12:43','2021-09-02 14:12:43',65),(313,'40-62',77,50,70,'2021-09-02 14:12:43','2021-09-02 14:12:43',65),(314,'44-68',67,60,84,'2021-09-02 14:12:43','2021-09-02 14:12:43',65),(315,'36-56',18,45,63,'2021-09-02 14:12:43','2021-09-02 14:12:43',66),(316,'44-68',8,45,63,'2021-09-02 14:12:43','2021-09-02 14:12:43',66),(317,'40-62',13,45,63,'2021-09-02 14:12:43','2021-09-02 14:12:43',66),(318,'48-74',9,850,1190,'2021-09-02 14:12:43','2021-09-02 14:12:43',67),(319,'36-56',NULL,750,1050,'2021-09-02 14:12:43','2021-09-02 14:12:43',67),(320,'52-80',8,850,1190,'2021-09-02 14:12:43','2021-09-02 14:12:43',67),(321,'40-62',NULL,850,1190,'2021-09-02 14:12:43','2021-09-02 14:12:43',67),(322,'44-68',13,850,1190,'2021-09-02 14:12:43','2021-09-02 14:12:43',67),(323,'44-68',10,350,490,'2021-09-02 14:12:43','2021-09-02 14:12:43',68),(324,'40-62',11,350,490,'2021-09-02 14:12:43','2021-09-02 14:12:43',68),(325,'36-56',12,350,490,'2021-09-02 14:12:43','2021-09-02 14:12:43',68),(326,'36-56',1,288,403,'2021-09-02 14:12:43','2021-09-02 14:12:43',69),(327,'40-62',NULL,360,504,'2021-09-02 14:12:43','2021-09-02 14:12:43',69),(328,'44-68',NULL,360,504,'2021-09-02 14:12:43','2021-09-02 14:12:43',69),(329,'44-68',2,360,504,'2021-09-02 14:12:43','2021-09-02 14:12:43',70),(330,'52-80',NULL,450,630,'2021-09-02 14:12:43','2021-09-02 14:12:43',70),(331,'48-74',NULL,450,630,'2021-09-02 14:12:43','2021-09-02 14:12:43',70),(332,'44-68',4,184,258,'2021-09-02 14:12:43','2021-09-02 14:12:43',71),(333,'52-80',NULL,230,322,'2021-09-02 14:12:43','2021-09-02 14:12:43',71),(334,'48-74',1,184,258,'2021-09-02 14:12:43','2021-09-02 14:12:43',71),(335,'44-68',11,192,269,'2021-09-02 14:12:43','2021-09-02 14:12:43',72),(336,'48-74',10,192,269,'2021-09-02 14:12:43','2021-09-02 14:12:43',72),(337,'40-62',18,192,269,'2021-09-02 14:12:43','2021-09-02 14:12:43',72),(338,'48-74',NULL,200,280,'2021-09-02 14:12:43','2021-09-02 14:12:43',73),(339,'52-80',1,160,224,'2021-09-02 14:12:43','2021-09-02 14:12:43',73),(340,'44-68',2,160,224,'2021-09-02 14:12:43','2021-09-02 14:12:43',73),(341,'52-80',NULL,199,279,'2021-09-02 14:12:43','2021-09-02 14:12:43',74),(342,'44-68',4,160,224,'2021-09-02 14:12:43','2021-09-02 14:12:43',74),(343,'48-74',2,160,224,'2021-09-02 14:12:43','2021-09-02 14:12:43',74),(344,'44-74',23,550,770,'2021-09-02 14:12:43','2021-09-02 14:12:43',75),(345,'48-80',20,550,770,'2021-09-02 14:12:43','2021-09-02 14:12:43',75),(346,'48-86',17,550,770,'2021-09-02 14:12:43','2021-09-02 14:12:43',75),(347,'44-68',25,550,770,'2021-09-02 14:12:43','2021-09-02 14:12:43',75),(348,'52-92',14,550,770,'2021-09-02 14:12:43','2021-09-02 14:12:43',75),(349,'48-80',NULL,550,770,'2021-09-02 14:12:43','2021-09-02 14:12:43',76),(350,'52-92',NULL,550,770,'2021-09-02 14:12:43','2021-09-02 14:12:43',76),(351,'48-86',NULL,550,770,'2021-09-02 14:12:43','2021-09-02 14:12:43',76),(352,'44-74',4,550,770,'2021-09-02 14:12:43','2021-09-02 14:12:43',76),(353,'44-68',5,550,770,'2021-09-02 14:12:43','2021-09-02 14:12:43',76),(354,'48-74',9,520,728,'2021-09-02 14:12:43','2021-09-02 14:12:43',77),(355,'52-80',7,520,728,'2021-09-02 14:12:43','2021-09-02 14:12:43',77),(356,'56-86',10,520,728,'2021-09-02 14:12:43','2021-09-02 14:12:43',77),(357,'44-68',12,520,728,'2021-09-02 14:12:43','2021-09-02 14:12:43',77),(358,'56-98,104',NULL,550,770,'2021-09-02 14:12:43','2021-09-02 14:12:43',78),(359,'68-134',4,496,694,'2021-09-02 14:12:43','2021-09-02 14:12:43',78),(360,'60-110,116',NULL,550,770,'2021-09-02 14:12:43','2021-09-02 14:12:43',78),(361,'64-122,128',1,496,694,'2021-09-02 14:12:43','2021-09-02 14:12:43',78),(362,'56-98',NULL,350,490,'2021-09-02 14:12:43','2021-09-02 14:12:43',79),(363,'56-104',NULL,350,490,'2021-09-02 14:12:43','2021-09-02 14:12:43',79),(364,'60-110',1,280,392,'2021-09-02 14:12:43','2021-09-02 14:12:43',79),(365,'60-116',1,312,437,'2021-09-02 14:12:43','2021-09-02 14:12:43',79),(366,'64-122',2,312,437,'2021-09-02 14:12:43','2021-09-02 14:12:43',79),(367,'64-128',4,336,470,'2021-09-02 14:12:43','2021-09-02 14:12:43',79),(368,'68-134',NULL,420,588,'2021-09-02 14:12:43','2021-09-02 14:12:43',79),(369,'52-92',NULL,330,462,'2021-09-02 14:12:43','2021-09-02 14:12:43',79),(370,'60-110,116',14,320,448,'2021-09-02 14:12:44','2021-09-02 14:12:44',80),(371,'64-122,128',9,320,448,'2021-09-02 14:12:44','2021-09-02 14:12:44',80),(372,'68-134',10,320,448,'2021-09-02 14:12:44','2021-09-02 14:12:44',80),(373,'56-98,104',12,320,448,'2021-09-02 14:12:44','2021-09-02 14:12:44',80),(374,'68-134',20,95,133,'2021-09-02 14:12:44','2021-09-02 14:12:44',81),(375,'64-122,128',15,95,133,'2021-09-02 14:12:44','2021-09-02 14:12:44',81),(376,'60-110,116',20,95,133,'2021-09-02 14:12:44','2021-09-02 14:12:44',81),(377,'56-98,104',19,95,133,'2021-09-02 14:12:44','2021-09-02 14:12:44',81),(378,'44-40',172,110,154,'2021-09-02 14:12:44','2021-09-02 14:12:44',82),(379,'44-46',112,110,154,'2021-09-02 14:12:44','2021-09-02 14:12:44',82),(380,'46-48',107,110,154,'2021-09-02 14:12:44','2021-09-02 14:12:44',82),(381,'47-50',114,110,154,'2021-09-02 14:12:44','2021-09-02 14:12:44',82),(382,'49-51',108,110,154,'2021-09-02 14:12:44','2021-09-02 14:12:44',82),(383,'51-54',119,110,154,'2021-09-02 14:12:44','2021-09-02 14:12:44',82),(384,'35-40',45,110,154,'2021-09-02 14:12:44','2021-09-02 14:12:44',82),(385,'49-51',45,120,168,'2021-09-02 14:12:44','2021-09-02 14:12:44',83),(386,'51-54',NULL,120,168,'2021-09-02 14:12:44','2021-09-02 14:12:44',83),(387,'40-44',20,120,168,'2021-09-02 14:12:44','2021-09-02 14:12:44',83),(388,'44-48',11,120,168,'2021-09-02 14:12:44','2021-09-02 14:12:44',83),(389,'47-50',17,120,168,'2021-09-02 14:12:44','2021-09-02 14:12:44',83),(390,'40-62',34,420,588,'2021-09-02 14:12:44','2021-09-02 14:12:44',84),(391,'48-74',34,420,588,'2021-09-02 14:12:44','2021-09-02 14:12:44',84),(392,'44-68',34,420,588,'2021-09-02 14:12:44','2021-09-02 14:12:44',84),(393,'36-56',45,380,532,'2021-09-02 14:12:44','2021-09-02 14:12:44',85),(394,'40-62',41,380,532,'2021-09-02 14:12:44','2021-09-02 14:12:44',85),(395,'44-68',43,380,532,'2021-09-02 14:12:44','2021-09-02 14:12:44',85),(396,'48-74',NULL,360,504,'2021-09-02 14:12:44','2021-09-02 14:12:44',85),(397,'44-68',18,360,504,'2021-09-02 14:12:44','2021-09-02 14:12:44',86),(398,'36-56',16,360,504,'2021-09-02 14:12:44','2021-09-02 14:12:44',86),(399,'48-74',9,360,504,'2021-09-02 14:12:44','2021-09-02 14:12:44',86),(400,'40-62',19,360,504,'2021-09-02 14:12:44','2021-09-02 14:12:44',86),(401,'48-74',1,390,546,'2021-09-02 14:12:44','2021-09-02 14:12:44',87),(402,'52-80',NULL,390,546,'2021-09-02 14:12:44','2021-09-02 14:12:44',87),(403,'56-86',1,390,546,'2021-09-02 14:12:44','2021-09-02 14:12:44',87),(404,'48-74',2,350,490,'2021-09-02 14:12:44','2021-09-02 14:12:44',88),(405,'52-80',3,350,490,'2021-09-02 14:12:44','2021-09-02 14:12:44',88),(406,'56-86',8,350,490,'2021-09-02 14:12:44','2021-09-02 14:12:44',88),(407,'56-92',10,350,490,'2021-09-02 14:12:44','2021-09-02 14:12:44',88),(408,'52-92',10,690,966,'2021-09-02 14:12:44','2021-09-02 14:12:44',89),(409,'48-86',13,690,966,'2021-09-02 14:12:44','2021-09-02 14:12:44',89),(410,'48-80',12,690,966,'2021-09-02 14:12:44','2021-09-02 14:12:44',89),(411,'44-74',18,690,966,'2021-09-02 14:12:44','2021-09-02 14:12:44',89),(412,'48-74',1,565,791,'2021-09-02 14:12:44','2021-09-02 14:12:44',90),(413,'56-92',NULL,565,791,'2021-09-02 14:12:44','2021-09-02 14:12:44',90),(414,'56-86',NULL,565,791,'2021-09-02 14:12:44','2021-09-02 14:12:44',90),(415,'52-80',NULL,565,791,'2021-09-02 14:12:44','2021-09-02 14:12:44',90),(416,'76-152',22,250,350,'2021-09-02 14:12:44','2021-09-02 14:12:44',91),(417,'80-158,164',23,250,350,'2021-09-02 14:12:44','2021-09-02 14:12:44',91),(418,'84-164',21,250,350,'2021-09-02 14:12:44','2021-09-02 14:12:44',91),(419,'72-140,146',22,250,350,'2021-09-02 14:12:44','2021-09-02 14:12:44',91),(420,'68-134',22,220,308,'2021-09-02 14:12:44','2021-09-02 14:12:44',91),(421,'64-122,128',19,220,308,'2021-09-02 14:12:44','2021-09-02 14:12:44',91),(422,'72-140',1,60,84,'2021-09-02 14:12:44','2021-09-02 14:12:44',92),(423,'68-134',NULL,75,105,'2021-09-02 14:12:44','2021-09-02 14:12:44',92),(424,'52-92',NULL,60,84,'2021-09-02 14:12:44','2021-09-02 14:12:44',92),(425,'60-110,116',NULL,60,84,'2021-09-02 14:12:44','2021-09-02 14:12:44',92),(426,'56-98,104',NULL,60,84,'2021-09-02 14:12:44','2021-09-02 14:12:44',92),(427,'64-122',NULL,75,105,'2021-09-02 14:12:44','2021-09-02 14:12:44',92),(428,'60-110,116',19,90,126,'2021-09-02 14:12:44','2021-09-02 14:12:44',93),(429,'68-134',28,110,154,'2021-09-02 14:12:44','2021-09-02 14:12:44',93),(430,'56-98,104',15,90,126,'2021-09-02 14:12:44','2021-09-02 14:12:44',93),(431,'52-92',17,90,126,'2021-09-02 14:12:44','2021-09-02 14:12:44',93),(432,'64-122',26,110,154,'2021-09-02 14:12:44','2021-09-02 14:12:44',93),(433,'44-68,74',3,90,126,'2021-09-02 14:12:44','2021-09-02 14:12:44',94),(434,'52-92',NULL,90,126,'2021-09-02 14:12:44','2021-09-02 14:12:44',94),(435,'48-80,86',NULL,90,126,'2021-09-02 14:12:44','2021-09-02 14:12:44',94),(436,'56-98,104',NULL,90,126,'2021-09-02 14:12:44','2021-09-02 14:12:44',94),(437,'60-110,116',NULL,90,126,'2021-09-02 14:12:44','2021-09-02 14:12:44',94),(438,'68-134',NULL,105,147,'2021-09-02 14:12:44','2021-09-02 14:12:44',95),(439,'64-122,128',7,95,133,'2021-09-02 14:12:44','2021-09-02 14:12:44',95),(440,'60-110,116',12,80,112,'2021-09-02 14:12:44','2021-09-02 14:12:44',95),(441,'56-98,104',23,80,112,'2021-09-02 14:12:44','2021-09-02 14:12:44',95),(442,'52-92',55,80,112,'2021-09-02 14:12:44','2021-09-02 14:12:44',95),(443,'84-164',44,120,168,'2021-09-02 14:12:44','2021-09-02 14:12:44',95),(444,'80-158',5,120,168,'2021-09-02 14:12:44','2021-09-02 14:12:44',95),(445,'76-152',30,120,168,'2021-09-02 14:12:44','2021-09-02 14:12:44',95),(446,'72-140,146',17,120,168,'2021-09-02 14:12:44','2021-09-02 14:12:44',95),(447,'52-92',NULL,98,137,'2021-09-02 14:12:44','2021-09-02 14:12:44',96),(448,'56-98,104',6,110,154,'2021-09-02 14:12:44','2021-09-02 14:12:44',96),(449,'60-110,116',12,110,154,'2021-09-02 14:12:44','2021-09-02 14:12:44',96),(450,'48-80,86',NULL,98,137,'2021-09-02 14:12:44','2021-09-02 14:12:44',96),(451,'44-68,74',NULL,98,137,'2021-09-02 14:12:44','2021-09-02 14:12:44',96),(452,'60-110,116',31,95,133,'2021-09-02 14:12:44','2021-09-02 14:12:44',97),(453,'68-134',30,120,168,'2021-09-02 14:12:44','2021-09-02 14:12:44',97),(454,'72-140,146',24,140,196,'2021-09-02 14:12:44','2021-09-02 14:12:44',97),(455,'64-122,128',43,120,168,'2021-09-02 14:12:44','2021-09-02 14:12:44',97),(456,'56-98,104',30,95,133,'2021-09-02 14:12:44','2021-09-02 14:12:44',97),(457,'52-92',11,80,112,'2021-09-02 14:12:44','2021-09-02 14:12:44',97),(458,'76-152',30,140,196,'2021-09-02 14:12:44','2021-09-02 14:12:44',97),(459,'48-74',3,380,532,'2021-09-02 14:12:44','2021-09-02 14:12:44',98),(460,'56-92',NULL,380,532,'2021-09-02 14:12:44','2021-09-02 14:12:44',98),(461,'52-86',4,380,532,'2021-09-02 14:12:44','2021-09-02 14:12:44',98),(462,'52-80',5,380,532,'2021-09-02 14:12:44','2021-09-02 14:12:44',98),(463,'72-140,146',11,460,644,'2021-09-02 14:12:44','2021-09-02 14:12:44',99),(464,'68-134',10,460,644,'2021-09-02 14:12:44','2021-09-02 14:12:44',99),(465,'64-122,128',8,460,644,'2021-09-02 14:12:44','2021-09-02 14:12:44',99),(466,'60-110,116',9,440,616,'2021-09-02 14:12:44','2021-09-02 14:12:44',99),(467,'56-98,104',8,440,616,'2021-09-02 14:12:44','2021-09-02 14:12:44',99),(468,'52-92',12,440,616,'2021-09-02 14:12:44','2021-09-02 14:12:44',99),(469,'64-122,128',21,360,504,'2021-09-02 14:12:44','2021-09-02 14:12:44',100),(470,'76-152',25,450,630,'2021-09-02 14:12:44','2021-09-02 14:12:44',100),(471,'68-134',23,360,504,'2021-09-02 14:12:44','2021-09-02 14:12:44',100),(472,'80-158',19,450,630,'2021-09-02 14:12:44','2021-09-02 14:12:44',100),(473,'84-164',13,450,630,'2021-09-02 14:12:44','2021-09-02 14:12:44',100),(474,'72-140,146',21,360,504,'2021-09-02 14:12:44','2021-09-02 14:12:44',100),(475,'68-134',1,250,350,'2021-09-02 14:12:44','2021-09-02 14:12:44',101),(476,'72-140,146',1,250,350,'2021-09-02 14:12:44','2021-09-02 14:12:44',101),(477,'84-164',4,250,350,'2021-09-02 14:12:44','2021-09-02 14:12:44',101),(478,'80-158',11,250,350,'2021-09-02 14:12:44','2021-09-02 14:12:44',101),(479,'76-152',7,250,350,'2021-09-02 14:12:44','2021-09-02 14:12:44',101),(480,'64-122,128',5,250,350,'2021-09-02 14:12:44','2021-09-02 14:12:44',101),(481,'80-158',11,690,966,'2021-09-02 14:12:44','2021-09-02 14:12:44',102),(482,'56-98,104',8,490,686,'2021-09-02 14:12:44','2021-09-02 14:12:44',102),(483,'60-110,116',6,490,686,'2021-09-02 14:12:44','2021-09-02 14:12:44',102),(484,'64-122,128',6,550,770,'2021-09-02 14:12:44','2021-09-02 14:12:44',102),(485,'68-134',9,550,770,'2021-09-02 14:12:44','2021-09-02 14:12:44',102),(486,'72-140,146',9,690,966,'2021-09-02 14:12:44','2021-09-02 14:12:44',102),(487,'76-152',11,690,966,'2021-09-02 14:12:44','2021-09-02 14:12:44',102),(488,'76-152',11,690,966,'2021-09-02 14:12:44','2021-09-02 14:12:44',103),(489,'72-140,146',10,690,966,'2021-09-02 14:12:44','2021-09-02 14:12:44',103),(490,'68-134',12,550,770,'2021-09-02 14:12:44','2021-09-02 14:12:44',103),(491,'64-122,128',10,550,770,'2021-09-02 14:12:44','2021-09-02 14:12:44',103),(492,'56-98,104',9,490,686,'2021-09-02 14:12:44','2021-09-02 14:12:44',103),(493,'80-158',10,690,966,'2021-09-02 14:12:44','2021-09-02 14:12:44',103),(494,'60-110,116',8,490,686,'2021-09-02 14:12:44','2021-09-02 14:12:44',103),(495,'48-86',NULL,370,518,'2021-09-02 14:12:44','2021-09-02 14:12:44',104),(496,'48-80',NULL,370,518,'2021-09-02 14:12:44','2021-09-02 14:12:44',104),(497,'60-110',NULL,430,602,'2021-09-02 14:12:44','2021-09-02 14:12:44',104),(498,'52-92',NULL,370,518,'2021-09-02 14:12:44','2021-09-02 14:12:44',104),(499,'56-104',NULL,430,602,'2021-09-02 14:12:44','2021-09-02 14:12:44',104),(500,'56-98',1,344,482,'2021-09-02 14:12:44','2021-09-02 14:12:44',104),(501,'52-80',4,304,426,'2021-09-02 14:12:44','2021-09-02 14:12:44',105),(502,'52-86',2,304,426,'2021-09-02 14:12:44','2021-09-02 14:12:44',105),(503,'48-74',5,304,426,'2021-09-02 14:12:44','2021-09-02 14:12:44',105),(504,'56-92',NULL,304,426,'2021-09-02 14:12:44','2021-09-02 14:12:44',105),(505,'64-128',9,390,546,'2021-09-02 14:12:44','2021-09-02 14:12:44',106),(506,'64-122',6,390,546,'2021-09-02 14:12:44','2021-09-02 14:12:44',106),(507,'56-98',3,340,476,'2021-09-02 14:12:44','2021-09-02 14:12:44',106),(508,'56-104',6,340,476,'2021-09-02 14:12:44','2021-09-02 14:12:44',106),(509,'52-92',3,340,476,'2021-09-02 14:12:44','2021-09-02 14:12:44',106),(510,'60-110',4,360,504,'2021-09-02 14:12:44','2021-09-02 14:12:44',106),(511,'60-116',3,360,504,'2021-09-02 14:12:44','2021-09-02 14:12:44',106),(512,'52-98',NULL,360,504,'2021-09-02 14:12:44','2021-09-02 14:12:44',107),(513,'56-104',NULL,360,504,'2021-09-02 14:12:44','2021-09-02 14:12:44',107),(514,'60-110',NULL,390,546,'2021-09-02 14:12:44','2021-09-02 14:12:44',107),(515,'64-116',NULL,390,546,'2021-09-02 14:12:44','2021-09-02 14:12:44',107),(516,'72-140,146',2,460,644,'2021-09-02 14:12:44','2021-09-02 14:12:44',107),(517,'68-134',2,460,644,'2021-09-02 14:12:44','2021-09-02 14:12:44',107),(518,'64-122,128',1,390,546,'2021-09-02 14:12:44','2021-09-02 14:12:44',107),(519,'56-98,104',NULL,220,308,'2021-09-02 14:12:44','2021-09-02 14:12:44',108),(520,'52-92',2,176,246,'2021-09-02 14:12:44','2021-09-02 14:12:44',108),(521,'64-122,128',NULL,290,406,'2021-09-02 14:12:44','2021-09-02 14:12:44',108),(522,'60-110,116',NULL,220,308,'2021-09-02 14:12:44','2021-09-02 14:12:44',108),(523,'68-134',NULL,290,406,'2021-09-02 14:12:44','2021-09-02 14:12:44',108),(524,'72-140,146',NULL,290,406,'2021-09-02 14:12:44','2021-09-02 14:12:44',108),(525,'56-98',NULL,260,364,'2021-09-02 14:12:44','2021-09-02 14:12:44',109),(526,'48-86',8,208,291,'2021-09-02 14:12:44','2021-09-02 14:12:44',109),(527,'48-80',10,208,291,'2021-09-02 14:12:44','2021-09-02 14:12:44',109),(528,'52-92',NULL,260,364,'2021-09-02 14:12:44','2021-09-02 14:12:44',109),(529,'52',4,45,63,'2021-09-02 14:12:45','2021-09-02 14:12:45',110),(530,'60',12,45,63,'2021-09-02 14:12:45','2021-09-02 14:12:45',110),(531,'56',NULL,45,63,'2021-09-02 14:12:45','2021-09-02 14:12:45',110),(532,'48',13,70,98,'2021-09-02 14:12:45','2021-09-02 14:12:45',111),(533,'52',6,70,98,'2021-09-02 14:12:45','2021-09-02 14:12:45',111),(534,'56',4,70,98,'2021-09-02 14:12:45','2021-09-02 14:12:45',111),(535,'60',NULL,70,98,'2021-09-02 14:12:45','2021-09-02 14:12:45',111),(536,'52-92',NULL,55,77,'2021-09-02 14:12:45','2021-09-02 14:12:45',112),(537,'60-110,116',NULL,55,77,'2021-09-02 14:12:45','2021-09-02 14:12:45',112),(538,'64-122',23,55,77,'2021-09-02 14:12:45','2021-09-02 14:12:45',112),(539,'68-128,134',27,55,77,'2021-09-02 14:12:45','2021-09-02 14:12:45',112),(540,'56-98,104',NULL,55,77,'2021-09-02 14:12:45','2021-09-02 14:12:45',112),(541,'52',NULL,45,63,'2021-09-02 14:12:45','2021-09-02 14:12:45',113),(542,'56',NULL,45,63,'2021-09-02 14:12:45','2021-09-02 14:12:45',113),(543,'72',15,55,77,'2021-09-02 14:12:45','2021-09-02 14:12:45',113),(544,'60',NULL,45,63,'2021-09-02 14:12:45','2021-09-02 14:12:45',113),(545,'64',NULL,55,77,'2021-09-02 14:12:45','2021-09-02 14:12:45',113),(546,'68',4,55,77,'2021-09-02 14:12:45','2021-09-02 14:12:45',113),(547,'64-122,128',10,85,119,'2021-09-02 14:12:45','2021-09-02 14:12:45',114),(548,'72-140,146',22,85,119,'2021-09-02 14:12:45','2021-09-02 14:12:45',114),(549,'76-152',NULL,80,112,'2021-09-02 14:12:45','2021-09-02 14:12:45',114),(550,'56-98,104',20,75,105,'2021-09-02 14:12:45','2021-09-02 14:12:45',114),(551,'60-110,116',6,75,105,'2021-09-02 14:12:45','2021-09-02 14:12:45',114),(552,'68-134',15,85,119,'2021-09-02 14:12:45','2021-09-02 14:12:45',114),(553,'52',NULL,65,91,'2021-09-02 14:12:45','2021-09-02 14:12:45',115),(554,'56',NULL,65,91,'2021-09-02 14:12:45','2021-09-02 14:12:45',115),(555,'60',NULL,65,91,'2021-09-02 14:12:45','2021-09-02 14:12:45',115),(556,'64',20,65,91,'2021-09-02 14:12:45','2021-09-02 14:12:45',115),(557,'72',9,65,91,'2021-09-02 14:12:45','2021-09-02 14:12:45',115),(558,'68',9,65,91,'2021-09-02 14:12:45','2021-09-02 14:12:45',115),(559,'56-92',14,50,70,'2021-09-02 14:12:45','2021-09-02 14:12:45',116),(560,'64-122',19,50,70,'2021-09-02 14:12:45','2021-09-02 14:12:45',116),(561,'60-104',19,50,70,'2021-09-02 14:12:45','2021-09-02 14:12:45',116),(562,'56-98',10,50,70,'2021-09-02 14:12:45','2021-09-02 14:12:45',116),(563,'60-110,116',NULL,115,161,'2021-09-02 14:12:45','2021-09-02 14:12:45',117),(564,'68-134',NULL,115,161,'2021-09-02 14:12:45','2021-09-02 14:12:45',117),(565,'64-122,128',NULL,115,161,'2021-09-02 14:12:45','2021-09-02 14:12:45',117),(566,'56-98,104',6,115,161,'2021-09-02 14:12:45','2021-09-02 14:12:45',117),(567,'68-134',15,120,168,'2021-09-02 14:12:45','2021-09-02 14:12:45',118),(568,'64-122,128',11,120,168,'2021-09-02 14:12:45','2021-09-02 14:12:45',118),(569,'60-110,116',8,120,168,'2021-09-02 14:12:45','2021-09-02 14:12:45',118),(570,'56-98,104',9,120,168,'2021-09-02 14:12:45','2021-09-02 14:12:45',118),(571,'52-92',6,120,168,'2021-09-02 14:12:45','2021-09-02 14:12:45',118),(572,'80-158',53,190,266,'2021-09-02 14:12:45','2021-09-02 14:12:45',119),(573,'56-98,104',54,160,224,'2021-09-02 14:12:45','2021-09-02 14:12:45',119),(574,'60-110,116',48,160,224,'2021-09-02 14:12:45','2021-09-02 14:12:45',119),(575,'52-92',15,130,182,'2021-09-02 14:12:45','2021-09-02 14:12:45',119),(576,'64-122,128',48,160,224,'2021-09-02 14:12:45','2021-09-02 14:12:45',119),(577,'68-134',44,190,266,'2021-09-02 14:12:45','2021-09-02 14:12:45',119),(578,'76-152',61,190,266,'2021-09-02 14:12:45','2021-09-02 14:12:45',119),(579,'72-140,146',53,190,266,'2021-09-02 14:12:45','2021-09-02 14:12:45',119),(580,'60-110,116',27,190,266,'2021-09-02 14:12:45','2021-09-02 14:12:45',120),(581,'56-98,104',27,190,266,'2021-09-02 14:12:45','2021-09-02 14:12:45',120),(582,'64-128',NULL,NULL,0,'2021-09-02 14:12:45','2021-09-02 14:12:45',120),(583,'68-134',26,190,266,'2021-09-02 14:12:45','2021-09-02 14:12:45',120),(584,'76-152',27,220,308,'2021-09-02 14:12:45','2021-09-02 14:12:45',120),(585,'72-140,146',27,220,308,'2021-09-02 14:12:45','2021-09-02 14:12:45',120),(586,'64-122,128',27,190,266,'2021-09-02 14:12:45','2021-09-02 14:12:45',120),(587,'52-92',27,190,266,'2021-09-02 14:12:45','2021-09-02 14:12:45',120),(588,'80-158',26,220,308,'2021-09-02 14:12:45','2021-09-02 14:12:45',120),(589,'84-164',26,220,308,'2021-09-02 14:12:45','2021-09-02 14:12:45',120),(590,'3800',NULL,1,1,'2021-09-02 14:12:45','2021-09-02 14:12:45',121),(591,'3100',NULL,1,1,'2021-09-02 14:12:45','2021-09-02 14:12:45',122),(592,'90*100',102,190,266,'2021-09-02 14:12:45','2021-09-02 14:12:45',123),(593,'44-68',21,35,49,'2021-09-02 14:12:45','2021-09-02 14:12:45',124),(594,'40-62',73,35,49,'2021-09-02 14:12:45','2021-09-02 14:12:45',124),(595,'36-56',2,35,49,'2021-09-02 14:12:45','2021-09-02 14:12:45',124),(596,'40-62',68,30,42,'2021-09-02 14:12:45','2021-09-02 14:12:45',125),(597,'36-56',NULL,30,42,'2021-09-02 14:12:45','2021-09-02 14:12:45',125),(598,'44-68',NULL,30,42,'2021-09-02 14:12:45','2021-09-02 14:12:45',125),(599,'40-62',34,35,49,'2021-09-02 14:12:45','2021-09-02 14:12:45',126),(600,'44-68',33,35,49,'2021-09-02 14:12:45','2021-09-02 14:12:45',126),(601,'48-74',36,35,49,'2021-09-02 14:12:45','2021-09-02 14:12:45',126),(602,'36-56',36,35,49,'2021-09-02 14:12:45','2021-09-02 14:12:45',126),(603,'40-62',42,140,196,'2021-09-02 14:12:45','2021-09-02 14:12:45',127),(604,'44-68',36,140,196,'2021-09-02 14:12:45','2021-09-02 14:12:45',127),(605,'48-74',34,140,196,'2021-09-02 14:12:45','2021-09-02 14:12:45',127),(606,'52-80',32,140,196,'2021-09-02 14:12:45','2021-09-02 14:12:45',127),(607,'40-62',41,160,224,'2021-09-02 14:12:45','2021-09-02 14:12:45',128),(608,'44-68',42,160,224,'2021-09-02 14:12:45','2021-09-02 14:12:45',128),(609,'48-74',35,160,224,'2021-09-02 14:12:45','2021-09-02 14:12:45',128),(610,'40-62',5,160,224,'2021-09-02 14:12:45','2021-09-02 14:12:45',129),(611,'36-56',4,160,224,'2021-09-02 14:12:45','2021-09-02 14:12:45',129),(612,'48-74',25,250,350,'2021-09-02 14:12:45','2021-09-02 14:12:45',130),(613,'60-98',25,280,392,'2021-09-02 14:12:45','2021-09-02 14:12:45',130),(614,'44-68',23,250,350,'2021-09-02 14:12:45','2021-09-02 14:12:45',130),(615,'56-86',23,250,350,'2021-09-02 14:12:45','2021-09-02 14:12:45',130),(616,'52-80',29,250,350,'2021-09-02 14:12:45','2021-09-02 14:12:45',130),(617,'56-92',25,280,392,'2021-09-02 14:12:45','2021-09-02 14:12:45',130),(618,'48-74',6,160,224,'2021-09-02 14:12:45','2021-09-02 14:12:45',131),(619,'44-68',14,160,224,'2021-09-02 14:12:45','2021-09-02 14:12:45',131),(620,'40-62',17,160,224,'2021-09-02 14:12:45','2021-09-02 14:12:45',131),(621,'52-80',NULL,135,189,'2021-09-02 14:12:45','2021-09-02 14:12:45',132),(622,'48-74',NULL,135,189,'2021-09-02 14:12:45','2021-09-02 14:12:45',132),(623,'44-68',3,108,151,'2021-09-02 14:12:45','2021-09-02 14:12:45',132),(624,'86-56',NULL,135,189,'2021-09-02 14:12:45','2021-09-02 14:12:45',132),(625,'40-62',63,95,133,'2021-09-02 14:12:45','2021-09-02 14:12:45',133),(626,'36-56',33,95,133,'2021-09-02 14:12:45','2021-09-02 14:12:45',133),(627,'36-56',36,90,126,'2021-09-02 14:12:45','2021-09-02 14:12:45',134),(628,'40-62',51,90,126,'2021-09-02 14:12:45','2021-09-02 14:12:45',134),(629,'40-62',4,220,308,'2021-09-02 14:12:45','2021-09-02 14:12:45',135),(630,'36-56',NULL,220,308,'2021-09-02 14:12:45','2021-09-02 14:12:45',135),(631,'36-56',8,240,336,'2021-09-02 14:12:45','2021-09-02 14:12:45',136),(632,'40-62',23,240,336,'2021-09-02 14:12:45','2021-09-02 14:12:45',136),(633,'40-62',33,205,287,'2021-09-02 14:12:45','2021-09-02 14:12:45',137),(634,'36-56',27,205,287,'2021-09-02 14:12:45','2021-09-02 14:12:45',137),(635,'44-68',94,220,308,'2021-09-02 14:12:45','2021-09-02 14:12:45',138),(636,'40-62',103,220,308,'2021-09-02 14:12:45','2021-09-02 14:12:45',138),(637,'52-80',84,220,308,'2021-09-02 14:12:45','2021-09-02 14:12:45',138),(638,'48-74',89,220,308,'2021-09-02 14:12:45','2021-09-02 14:12:45',138),(639,'40-62',41,180,252,'2021-09-02 14:12:45','2021-09-02 14:12:45',139),(640,'36-56',20,180,252,'2021-09-02 14:12:45','2021-09-02 14:12:45',139),(641,'44-68',85,210,294,'2021-09-02 14:12:45','2021-09-02 14:12:45',140),(642,'48-74',89,210,294,'2021-09-02 14:12:45','2021-09-02 14:12:45',140),(643,'44-68',36,135,189,'2021-09-02 14:12:45','2021-09-02 14:12:45',141),(644,'48-74',33,135,189,'2021-09-02 14:12:45','2021-09-02 14:12:45',141),(645,'40-62',36,135,189,'2021-09-02 14:12:45','2021-09-02 14:12:45',141),(646,'52-80',34,135,189,'2021-09-02 14:12:45','2021-09-02 14:12:45',141),(647,'40-62',86,115,161,'2021-09-02 14:12:45','2021-09-02 14:12:45',142),(648,'48-74',62,115,161,'2021-09-02 14:12:45','2021-09-02 14:12:45',142),(649,'52-80',60,115,161,'2021-09-02 14:12:45','2021-09-02 14:12:45',142),(650,'44-68',75,115,161,'2021-09-02 14:12:45','2021-09-02 14:12:45',142),(651,'36-56',121,180,252,'2021-09-02 14:12:45','2021-09-02 14:12:45',143),(652,'40-62',124,180,252,'2021-09-02 14:12:45','2021-09-02 14:12:45',143),(653,'44-68',8,220,308,'2021-09-02 14:12:45','2021-09-02 14:12:45',144),(654,'52-80',13,220,308,'2021-09-02 14:12:45','2021-09-02 14:12:45',144),(655,'48-74',7,220,308,'2021-09-02 14:12:45','2021-09-02 14:12:45',144),(656,'44-68',3,220,308,'2021-09-02 14:12:45','2021-09-02 14:12:45',145),(657,'48-80',2,220,308,'2021-09-02 14:12:45','2021-09-02 14:12:45',145),(658,'52-92',4,240,336,'2021-09-02 14:12:45','2021-09-02 14:12:45',145),(659,'56-98',7,240,336,'2021-09-02 14:12:45','2021-09-02 14:12:45',145),(660,'48-86',NULL,220,308,'2021-09-02 14:12:45','2021-09-02 14:12:45',145),(661,'44-74',NULL,220,308,'2021-09-02 14:12:45','2021-09-02 14:12:45',145),(662,'44-68',83,220,308,'2021-09-02 14:12:45','2021-09-02 14:12:45',146),(663,'52-80',81,220,308,'2021-09-02 14:12:45','2021-09-02 14:12:45',146),(664,'48-74',79,220,308,'2021-09-02 14:12:45','2021-09-02 14:12:45',146),(665,'48-74',8,205,287,'2021-09-02 14:12:45','2021-09-02 14:12:45',147),(666,'52-80',16,205,287,'2021-09-02 14:12:45','2021-09-02 14:12:45',147),(667,'56-86',12,205,287,'2021-09-02 14:12:45','2021-09-02 14:12:45',147),(668,'60-98',40,220,308,'2021-09-02 14:12:45','2021-09-02 14:12:45',147),(669,'56-92',22,220,308,'2021-09-02 14:12:45','2021-09-02 14:12:45',147),(670,'56-86',NULL,210,294,'2021-09-02 14:12:45','2021-09-02 14:12:45',148),(671,'44-68',27,210,294,'2021-09-02 14:12:45','2021-09-02 14:12:45',148),(672,'48-74',59,210,294,'2021-09-02 14:12:46','2021-09-02 14:12:46',148),(673,'52-80',NULL,210,294,'2021-09-02 14:12:46','2021-09-02 14:12:46',148),(674,'40-62',11,180,252,'2021-09-02 14:12:46','2021-09-02 14:12:46',149),(675,'36-56',NULL,180,252,'2021-09-02 14:12:46','2021-09-02 14:12:46',149),(676,'40-62',74,40,56,'2021-09-02 14:12:46','2021-09-02 14:12:46',150),(677,'36-56',32,40,56,'2021-09-02 14:12:46','2021-09-02 14:12:46',150),(678,'44-68',NULL,40,56,'2021-09-02 14:12:46','2021-09-02 14:12:46',150),(679,'0-3.',32,210,294,'2021-09-02 14:12:46','2021-09-02 14:12:46',151),(680,'44-68',52,40,56,'2021-09-02 14:12:46','2021-09-02 14:12:46',152),(681,'40-62',353,40,56,'2021-09-02 14:12:46','2021-09-02 14:12:46',152),(682,'36-56',141,40,56,'2021-09-02 14:12:46','2021-09-02 14:12:46',152),(683,'48-74',71,40,56,'2021-09-02 14:12:46','2021-09-02 14:12:46',152),(684,'40-62',NULL,25,35,'2021-09-02 14:12:46','2021-09-02 14:12:46',153),(685,'36-56',NULL,25,35,'2021-09-02 14:12:46','2021-09-02 14:12:46',153),(686,'44-68',29,25,35,'2021-09-02 14:12:46','2021-09-02 14:12:46',153),(687,'40-62',16,105,147,'2021-09-02 14:12:46','2021-09-02 14:12:46',154),(688,'36-56',11,105,147,'2021-09-02 14:12:46','2021-09-02 14:12:46',154),(689,'36-56',24,80,112,'2021-09-02 14:12:46','2021-09-02 14:12:46',155),(690,'40-62',44,80,112,'2021-09-02 14:12:46','2021-09-02 14:12:46',155),(691,'36-56',46,115,161,'2021-09-02 14:12:46','2021-09-02 14:12:46',156),(692,'40-62',71,115,161,'2021-09-02 14:12:46','2021-09-02 14:12:46',156),(693,'36-56',NULL,115,161,'2021-09-02 14:12:46','2021-09-02 14:12:46',157),(694,'40-62',7,115,161,'2021-09-02 14:12:46','2021-09-02 14:12:46',157),(695,'44-68',38,105,147,'2021-09-02 14:12:46','2021-09-02 14:12:46',158),(696,'48-74',33,105,147,'2021-09-02 14:12:46','2021-09-02 14:12:46',158),(697,'36-56',NULL,95,133,'2021-09-02 14:12:46','2021-09-02 14:12:46',159),(698,'40-62',19,95,133,'2021-09-02 14:12:46','2021-09-02 14:12:46',159),(699,'44-68',20,120,168,'2021-09-02 14:12:46','2021-09-02 14:12:46',160),(700,'48-74',10,120,168,'2021-09-02 14:12:46','2021-09-02 14:12:46',160),(701,'52-80',6,120,168,'2021-09-02 14:12:46','2021-09-02 14:12:46',160),(702,'40-62',120,105,147,'2021-09-02 14:12:46','2021-09-02 14:12:46',161),(703,'36-56',81,105,147,'2021-09-02 14:12:46','2021-09-02 14:12:46',161),(704,'36-56',84,115,161,'2021-09-02 14:12:46','2021-09-02 14:12:46',162),(705,'40-62',80,115,161,'2021-09-02 14:12:46','2021-09-02 14:12:46',162),(706,'44-68',35,130,182,'2021-09-02 14:12:46','2021-09-02 14:12:46',162),(707,'48-74',30,130,182,'2021-09-02 14:12:46','2021-09-02 14:12:46',162),(708,'52-80',59,130,182,'2021-09-02 14:12:46','2021-09-02 14:12:46',162),(709,'48-74',30,140,196,'2021-09-02 14:12:46','2021-09-02 14:12:46',163),(710,'52-80',26,140,196,'2021-09-02 14:12:46','2021-09-02 14:12:46',163),(711,'44-68',33,140,196,'2021-09-02 14:12:46','2021-09-02 14:12:46',163),(712,'36-56',NULL,205,287,'2021-09-02 14:12:46','2021-09-02 14:12:46',164),(713,'40-62',14,205,287,'2021-09-02 14:12:46','2021-09-02 14:12:46',164),(714,'40-62',59,205,287,'2021-09-02 14:12:46','2021-09-02 14:12:46',165),(715,'36-56',4,205,287,'2021-09-02 14:12:46','2021-09-02 14:12:46',165),(716,'52-80',41,145,203,'2021-09-02 14:12:46','2021-09-02 14:12:46',166),(717,'48-74',41,145,203,'2021-09-02 14:12:46','2021-09-02 14:12:46',166),(718,'44-68',41,135,189,'2021-09-02 14:12:46','2021-09-02 14:12:46',166),(719,'40-62',41,135,189,'2021-09-02 14:12:46','2021-09-02 14:12:46',166),(720,'36-56',41,135,189,'2021-09-02 14:12:46','2021-09-02 14:12:46',166),(721,'36-56',4,35,49,'2021-09-02 14:12:46','2021-09-02 14:12:46',167),(722,'44-68',2,30,42,'2021-09-02 14:12:46','2021-09-02 14:12:46',167),(723,'40-62',21,30,42,'2021-09-02 14:12:46','2021-09-02 14:12:46',167),(724,'36-56',83,50,70,'2021-09-02 14:12:46','2021-09-02 14:12:46',168),(725,'40-62',71,50,70,'2021-09-02 14:12:46','2021-09-02 14:12:46',168),(726,'44-68',1,50,70,'2021-09-02 14:12:46','2021-09-02 14:12:46',168),(727,'48-74',6,50,70,'2021-09-02 14:12:46','2021-09-02 14:12:46',168),(728,'36-56',119,45,63,'2021-09-02 14:12:46','2021-09-02 14:12:46',169),(729,'48-74',NULL,45,63,'2021-09-02 14:12:46','2021-09-02 14:12:46',169),(730,'44-68',108,45,63,'2021-09-02 14:12:46','2021-09-02 14:12:46',169),(731,'40-62',66,45,63,'2021-09-02 14:12:46','2021-09-02 14:12:46',169),(732,'36-56',11,70,98,'2021-09-02 14:12:46','2021-09-02 14:12:46',170),(733,'40-62',8,70,98,'2021-09-02 14:12:46','2021-09-02 14:12:46',170),(734,'44-68',32,50,70,'2021-09-02 14:12:46','2021-09-02 14:12:46',171),(735,'40-62',22,50,70,'2021-09-02 14:12:46','2021-09-02 14:12:46',171),(736,'48-74',26,50,70,'2021-09-02 14:12:46','2021-09-02 14:12:46',171),(737,'44',8,65,91,'2021-09-02 14:12:46','2021-09-02 14:12:46',172),(738,'40',16,65,91,'2021-09-02 14:12:46','2021-09-02 14:12:46',172),(739,'36',31,65,91,'2021-09-02 14:12:46','2021-09-02 14:12:46',172),(740,'40-62',41,70,98,'2021-09-02 14:12:46','2021-09-02 14:12:46',173),(741,'44-68',79,70,98,'2021-09-02 14:12:46','2021-09-02 14:12:46',173),(742,'36-56',78,45,63,'2021-09-02 14:12:46','2021-09-02 14:12:46',174),(743,'48-74',50,40,56,'2021-09-02 14:12:46','2021-09-02 14:12:46',174),(744,'40-62',NULL,45,63,'2021-09-02 14:12:46','2021-09-02 14:12:46',174),(745,'44-68',214,45,63,'2021-09-02 14:12:46','2021-09-02 14:12:46',174),(746,'52-80',17,45,63,'2021-09-02 14:12:46','2021-09-02 14:12:46',174),(747,'40-62',16,75,105,'2021-09-02 14:12:46','2021-09-02 14:12:46',175),(748,'44-68',10,75,105,'2021-09-02 14:12:46','2021-09-02 14:12:46',175),(749,'48-74',12,75,105,'2021-09-02 14:12:46','2021-09-02 14:12:46',175),(750,'70',NULL,NULL,0,'2021-09-02 14:12:46','2021-09-02 14:12:46',175),(751,'36-56',32,40,56,'2021-09-02 14:12:46','2021-09-02 14:12:46',176),(752,'40-62',33,40,56,'2021-09-02 14:12:46','2021-09-02 14:12:46',176),(753,'44-68',35,40,56,'2021-09-02 14:12:46','2021-09-02 14:12:46',176),(754,'40-62',NULL,50,70,'2021-09-02 14:12:46','2021-09-02 14:12:46',177),(755,'44-68',134,50,70,'2021-09-02 14:12:46','2021-09-02 14:12:46',177),(756,'48-74',126,50,70,'2021-09-02 14:12:46','2021-09-02 14:12:46',177),(757,'36-56',NULL,50,70,'2021-09-02 14:12:46','2021-09-02 14:12:46',177),(758,'52-80',70,50,70,'2021-09-02 14:12:46','2021-09-02 14:12:46',177),(759,'36-56',62,75,105,'2021-09-02 14:12:46','2021-09-02 14:12:46',178),(760,'40-62',60,75,105,'2021-09-02 14:12:46','2021-09-02 14:12:46',178),(761,'44-68',100,75,105,'2021-09-02 14:12:46','2021-09-02 14:12:46',178),(762,'20',NULL,40,56,'2021-09-02 14:12:46','2021-09-02 14:12:46',179),(763,'/',3,80,112,'2021-09-02 14:12:46','2021-09-02 14:12:46',180),(764,'/',16,90,126,'2021-09-02 14:12:46','2021-09-02 14:12:46',181),(765,'40-62',70,50,70,'2021-09-02 14:12:46','2021-09-02 14:12:46',182),(766,'36-56',10,50,70,'2021-09-02 14:12:46','2021-09-02 14:12:46',182),(767,'40-62',38,465,651,'2021-09-02 14:12:46','2021-09-02 14:12:46',183),(768,'36-56',34,465,651,'2021-09-02 14:12:46','2021-09-02 14:12:46',183),(769,'40-62',20,220,308,'2021-09-02 14:12:46','2021-09-02 14:12:46',184),(770,'36-56',NULL,220,308,'2021-09-02 14:12:46','2021-09-02 14:12:46',184),(771,'40-62',41,290,406,'2021-09-02 14:12:46','2021-09-02 14:12:46',185),(772,'36-56',41,290,406,'2021-09-02 14:12:46','2021-09-02 14:12:46',185),(773,'52-80',9,290,406,'2021-09-02 14:12:46','2021-09-02 14:12:46',186),(774,'44-68',17,290,406,'2021-09-02 14:12:46','2021-09-02 14:12:46',186),(775,'56-86',8,290,406,'2021-09-02 14:12:46','2021-09-02 14:12:46',186),(776,'48-74',11,290,406,'2021-09-02 14:12:46','2021-09-02 14:12:46',186),(777,'36-56',NULL,240,336,'2021-09-02 14:12:46','2021-09-02 14:12:46',187),(778,'40-62',32,240,336,'2021-09-02 14:12:46','2021-09-02 14:12:46',187),(779,'36-56',NULL,470,658,'2021-09-02 14:12:46','2021-09-02 14:12:46',188),(780,'40-62',11,470,658,'2021-09-02 14:12:46','2021-09-02 14:12:46',188),(781,'48-74',26,305,427,'2021-09-02 14:12:46','2021-09-02 14:12:46',189),(782,'52-80',18,305,427,'2021-09-02 14:12:46','2021-09-02 14:12:46',189),(783,'44-68',25,305,427,'2021-09-02 14:12:46','2021-09-02 14:12:46',189),(784,'56-86',14,305,427,'2021-09-02 14:12:46','2021-09-02 14:12:46',189),(785,'56-92',NULL,355,497,'2021-09-02 14:12:46','2021-09-02 14:12:46',190),(786,'56-86',3,355,497,'2021-09-02 14:12:46','2021-09-02 14:12:46',190),(787,'52-80',7,355,497,'2021-09-02 14:12:46','2021-09-02 14:12:46',190),(788,'48-74',12,355,497,'2021-09-02 14:12:46','2021-09-02 14:12:46',190),(789,'40-62',4,240,336,'2021-09-02 14:12:46','2021-09-02 14:12:46',191),(790,'36-56',NULL,240,336,'2021-09-02 14:12:46','2021-09-02 14:12:46',191),(791,'40-62',57,240,336,'2021-09-02 14:12:46','2021-09-02 14:12:46',192),(792,'36-56',NULL,240,336,'2021-09-02 14:12:46','2021-09-02 14:12:46',192),(793,'40-62',3,224,314,'2021-09-02 14:12:47','2021-09-02 14:12:47',193),(794,'44-68',NULL,280,392,'2021-09-02 14:12:47','2021-09-02 14:12:47',193),(795,'48-74',NULL,280,392,'2021-09-02 14:12:47','2021-09-02 14:12:47',193),(796,'52-80',NULL,280,392,'2021-09-02 14:12:47','2021-09-02 14:12:47',193),(797,'48-74',3,232,325,'2021-09-02 14:12:47','2021-09-02 14:12:47',194),(798,'44-68',2,232,325,'2021-09-02 14:12:47','2021-09-02 14:12:47',194),(799,'52-80',NULL,290,406,'2021-09-02 14:12:47','2021-09-02 14:12:47',194),(800,'40-62',34,190,266,'2021-09-02 14:12:47','2021-09-02 14:12:47',195),(801,'44-68',22,190,266,'2021-09-02 14:12:47','2021-09-02 14:12:47',195),(802,'48-74',23,190,266,'2021-09-02 14:12:47','2021-09-02 14:12:47',195),(803,'44-68',5,290,406,'2021-09-02 14:12:47','2021-09-02 14:12:47',196),(804,'48-74',2,290,406,'2021-09-02 14:12:47','2021-09-02 14:12:47',196),(805,'56-86',NULL,290,406,'2021-09-02 14:12:47','2021-09-02 14:12:47',196),(806,'52-80',NULL,290,406,'2021-09-02 14:12:47','2021-09-02 14:12:47',196),(807,'48-74',52,180,252,'2021-09-02 14:12:47','2021-09-02 14:12:47',197),(808,'44-68',62,180,252,'2021-09-02 14:12:47','2021-09-02 14:12:47',197),(809,'40-62',77,180,252,'2021-09-02 14:12:47','2021-09-02 14:12:47',197),(810,'44-68',53,170,238,'2021-09-02 14:12:47','2021-09-02 14:12:47',198),(811,'48-74',53,170,238,'2021-09-02 14:12:47','2021-09-02 14:12:47',198),(812,'52-80',53,170,238,'2021-09-02 14:12:47','2021-09-02 14:12:47',198),(813,'44-68',8,180,252,'2021-09-02 14:12:47','2021-09-02 14:12:47',199),(814,'48-74',8,180,252,'2021-09-02 14:12:47','2021-09-02 14:12:47',199),(815,'52-80',2,180,252,'2021-09-02 14:12:47','2021-09-02 14:12:47',199),(816,'40-62',13,180,252,'2021-09-02 14:12:47','2021-09-02 14:12:47',200),(817,'36-56',13,180,252,'2021-09-02 14:12:47','2021-09-02 14:12:47',200),(818,'44-68',121,220,308,'2021-09-02 14:12:47','2021-09-02 14:12:47',201),(819,'48-74',122,220,308,'2021-09-02 14:12:47','2021-09-02 14:12:47',201),(820,'52-80',117,220,308,'2021-09-02 14:12:47','2021-09-02 14:12:47',201),(821,'52-86',114,220,308,'2021-09-02 14:12:47','2021-09-02 14:12:47',201),(822,'44-68',15,220,308,'2021-09-02 14:12:47','2021-09-02 14:12:47',202),(823,'48-74',11,220,308,'2021-09-02 14:12:47','2021-09-02 14:12:47',202),(824,'56-86',NULL,220,308,'2021-09-02 14:12:47','2021-09-02 14:12:47',202),(825,'52-80',2,220,308,'2021-09-02 14:12:47','2021-09-02 14:12:47',202),(826,'56-86',NULL,280,392,'2021-09-02 14:12:47','2021-09-02 14:12:47',203),(827,'52-80',14,280,392,'2021-09-02 14:12:47','2021-09-02 14:12:47',203),(828,'44-74',6,280,392,'2021-09-02 14:12:47','2021-09-02 14:12:47',203),(829,'68-44',11,280,392,'2021-09-02 14:12:47','2021-09-02 14:12:47',203),(830,'40-62',NULL,280,392,'2021-09-02 14:12:47','2021-09-02 14:12:47',203),(831,'36-56',12,220,308,'2021-09-02 14:12:47','2021-09-02 14:12:47',204),(832,'40-62',10,220,308,'2021-09-02 14:12:47','2021-09-02 14:12:47',204),(833,'56-86',NULL,290,406,'2021-09-02 14:12:47','2021-09-02 14:12:47',205),(834,'44-68',7,290,406,'2021-09-02 14:12:47','2021-09-02 14:12:47',205),(835,'52-80',NULL,290,406,'2021-09-02 14:12:47','2021-09-02 14:12:47',205),(836,'48-74',NULL,290,406,'2021-09-02 14:12:47','2021-09-02 14:12:47',205),(837,'44-68',1,280,392,'2021-09-02 14:12:47','2021-09-02 14:12:47',206),(838,'48-74',3,280,392,'2021-09-02 14:12:47','2021-09-02 14:12:47',206),(839,'52-80',1,280,392,'2021-09-02 14:12:47','2021-09-02 14:12:47',206),(840,'56-86',6,280,392,'2021-09-02 14:12:47','2021-09-02 14:12:47',206),(841,'56-86',7,350,490,'2021-09-02 14:12:47','2021-09-02 14:12:47',207),(842,'52-80',5,350,490,'2021-09-02 14:12:47','2021-09-02 14:12:47',207),(843,'48-74',5,350,490,'2021-09-02 14:12:47','2021-09-02 14:12:47',207),(844,'44-68',6,350,490,'2021-09-02 14:12:47','2021-09-02 14:12:47',207),(845,'36-56',10,205,287,'2021-09-02 14:12:47','2021-09-02 14:12:47',208),(846,'40-62',26,205,287,'2021-09-02 14:12:47','2021-09-02 14:12:47',208),(847,'40-62',42,250,350,'2021-09-02 14:12:47','2021-09-02 14:12:47',209),(848,'44-68',37,250,350,'2021-09-02 14:12:47','2021-09-02 14:12:47',209),(849,'48-74',42,250,350,'2021-09-02 14:12:47','2021-09-02 14:12:47',209),(850,'52-80',44,250,350,'2021-09-02 14:12:47','2021-09-02 14:12:47',209),(851,'48-74',32,280,392,'2021-09-02 14:12:47','2021-09-02 14:12:47',210),(852,'44-68',16,280,392,'2021-09-02 14:12:47','2021-09-02 14:12:47',210),(853,'40-62',14,250,350,'2021-09-02 14:12:47','2021-09-02 14:12:47',210),(854,'52-80',42,280,392,'2021-09-02 14:12:47','2021-09-02 14:12:47',210),(855,'56-86',11,280,392,'2021-09-02 14:12:47','2021-09-02 14:12:47',210),(856,'52-80',8,265,371,'2021-09-02 14:12:47','2021-09-02 14:12:47',211),(857,'48-74',5,265,371,'2021-09-02 14:12:47','2021-09-02 14:12:47',211),(858,'44-68',3,265,371,'2021-09-02 14:12:47','2021-09-02 14:12:47',211),(859,'48-74',16,265,371,'2021-09-02 14:12:47','2021-09-02 14:12:47',212),(860,'52-80',23,265,371,'2021-09-02 14:12:47','2021-09-02 14:12:47',212),(861,'56-92',15,295,413,'2021-09-02 14:12:47','2021-09-02 14:12:47',212),(862,'60-98',17,295,413,'2021-09-02 14:12:47','2021-09-02 14:12:47',212),(863,'56-86',15,295,413,'2021-09-02 14:12:47','2021-09-02 14:12:47',212),(864,'36-56',4,240,336,'2021-09-02 14:12:47','2021-09-02 14:12:47',213),(865,'40-62',5,240,336,'2021-09-02 14:12:47','2021-09-02 14:12:47',213),(866,'52-80',37,290,406,'2021-09-02 14:12:47','2021-09-02 14:12:47',214),(867,'48-74',34,290,406,'2021-09-02 14:12:47','2021-09-02 14:12:47',214),(868,'44-68',33,290,406,'2021-09-02 14:12:47','2021-09-02 14:12:47',214),(869,'36-56',9,220,308,'2021-09-02 14:12:47','2021-09-02 14:12:47',215),(870,'40-62',28,220,308,'2021-09-02 14:12:47','2021-09-02 14:12:47',215),(871,'68-44',67,270,378,'2021-09-02 14:12:47','2021-09-02 14:12:47',216),(872,'52-80',66,270,378,'2021-09-02 14:12:47','2021-09-02 14:12:47',216),(873,'40-62',48,270,378,'2021-09-02 14:12:47','2021-09-02 14:12:47',216),(874,'48-74',65,270,378,'2021-09-02 14:12:47','2021-09-02 14:12:47',216),(875,'36-56',NULL,180,252,'2021-09-02 14:12:47','2021-09-02 14:12:47',217),(876,'40-62',8,180,252,'2021-09-02 14:12:47','2021-09-02 14:12:47',217),(877,'40-62',73,125,175,'2021-09-02 14:12:47','2021-09-02 14:12:47',218),(878,'36-56',44,125,175,'2021-09-02 14:12:47','2021-09-02 14:12:47',218),(879,'40-62',73,160,224,'2021-09-02 14:12:47','2021-09-02 14:12:47',219),(880,'44-68',69,160,224,'2021-09-02 14:12:47','2021-09-02 14:12:47',219),(881,'52-80',NULL,140,196,'2021-09-02 14:12:47','2021-09-02 14:12:47',219),(882,'48-74',68,160,224,'2021-09-02 14:12:47','2021-09-02 14:12:47',219),(883,'52-80',57,135,189,'2021-09-02 14:12:47','2021-09-02 14:12:47',220),(884,'48-74',32,135,189,'2021-09-02 14:12:47','2021-09-02 14:12:47',220),(885,'44-68',25,135,189,'2021-09-02 14:12:47','2021-09-02 14:12:47',220),(886,'40-62',45,135,189,'2021-09-02 14:12:47','2021-09-02 14:12:47',220),(887,'52-80',9,140,196,'2021-09-02 14:12:47','2021-09-02 14:12:47',221),(888,'48-74',5,140,196,'2021-09-02 14:12:47','2021-09-02 14:12:47',221),(889,'40-62',24,125,175,'2021-09-02 14:12:47','2021-09-02 14:12:47',221),(890,'36-56',NULL,105,147,'2021-09-02 14:12:47','2021-09-02 14:12:47',221),(891,'44-68',NULL,125,175,'2021-09-02 14:12:47','2021-09-02 14:12:47',221),(892,'40-62',87,110,154,'2021-09-02 14:12:47','2021-09-02 14:12:47',222),(893,'36-56',67,110,154,'2021-09-02 14:12:47','2021-09-02 14:12:47',222),(894,'40-62',2,115,161,'2021-09-02 14:12:47','2021-09-02 14:12:47',223),(895,'36-56',5,115,161,'2021-09-02 14:12:47','2021-09-02 14:12:47',223),(896,'36-56',NULL,98,137,'2021-09-02 14:12:47','2021-09-02 14:12:47',224),(897,'40-62',12,98,137,'2021-09-02 14:12:47','2021-09-02 14:12:47',224),(898,'36-56',3,120,168,'2021-09-02 14:12:47','2021-09-02 14:12:47',225),(899,'40-62',NULL,150,210,'2021-09-02 14:12:47','2021-09-02 14:12:47',225),(900,'44-68',1,120,168,'2021-09-02 14:12:47','2021-09-02 14:12:47',225),(901,'48-74',NULL,150,210,'2021-09-02 14:12:47','2021-09-02 14:12:47',225),(902,'40-62',3,104,146,'2021-09-02 14:12:47','2021-09-02 14:12:47',226),(903,'36-56',8,104,146,'2021-09-02 14:12:47','2021-09-02 14:12:47',226),(904,'44-68',1,104,146,'2021-09-02 14:12:47','2021-09-02 14:12:47',226),(905,'36-56',NULL,95,133,'2021-09-02 14:12:47','2021-09-02 14:12:47',227),(906,'40-62',17,95,133,'2021-09-02 14:12:47','2021-09-02 14:12:47',227),(907,'44-68',NULL,120,168,'2021-09-02 14:12:47','2021-09-02 14:12:47',228),(908,'48-74',6,120,168,'2021-09-02 14:12:47','2021-09-02 14:12:47',228),(909,'56-92',60,180,252,'2021-09-02 14:12:47','2021-09-02 14:12:47',229),(910,'56-86',58,180,252,'2021-09-02 14:12:47','2021-09-02 14:12:47',229),(911,'52-80',59,180,252,'2021-09-02 14:12:47','2021-09-02 14:12:47',229),(912,'48-74',65,180,252,'2021-09-02 14:12:47','2021-09-02 14:12:47',229),(913,'44-68',68,180,252,'2021-09-02 14:12:47','2021-09-02 14:12:47',229),(914,'40-62',58,120,168,'2021-09-02 14:12:47','2021-09-02 14:12:47',230),(915,'44-68',51,120,168,'2021-09-02 14:12:47','2021-09-02 14:12:47',230),(916,'48-74',50,120,168,'2021-09-02 14:12:47','2021-09-02 14:12:47',230),(917,'44-68',64,140,196,'2021-09-02 14:12:47','2021-09-02 14:12:47',231),(918,'48-74',59,140,196,'2021-09-02 14:12:47','2021-09-02 14:12:47',231),(919,'40-62',68,140,196,'2021-09-02 14:12:47','2021-09-02 14:12:47',231),(920,'40-62',47,130,182,'2021-09-02 14:12:47','2021-09-02 14:12:47',232),(921,'56-92',14,145,203,'2021-09-02 14:12:47','2021-09-02 14:12:47',232),(922,'44-68',54,130,182,'2021-09-02 14:12:47','2021-09-02 14:12:47',232),(923,'56-86',43,145,203,'2021-09-02 14:12:47','2021-09-02 14:12:47',232),(924,'48-74',36,140,196,'2021-09-02 14:12:47','2021-09-02 14:12:47',232),(925,'52-80',37,140,196,'2021-09-02 14:12:47','2021-09-02 14:12:47',232),(926,'36-56',11,40,56,'2021-09-02 14:12:47','2021-09-02 14:12:47',233),(927,'44-68',68,40,56,'2021-09-02 14:12:47','2021-09-02 14:12:47',233),(928,'40-62',42,40,56,'2021-09-02 14:12:47','2021-09-02 14:12:47',233),(929,'44-68',6,35,49,'2021-09-02 14:12:47','2021-09-02 14:12:47',234),(930,'40-62',NULL,35,49,'2021-09-02 14:12:47','2021-09-02 14:12:47',234),(931,'36-56',18,35,49,'2021-09-02 14:12:47','2021-09-02 14:12:47',234),(932,'48-74',NULL,NULL,0,'2021-09-02 14:12:47','2021-09-02 14:12:47',234),(933,'36-56',172,40,56,'2021-09-02 14:12:47','2021-09-02 14:12:47',235),(934,'40-62',293,40,56,'2021-09-02 14:12:47','2021-09-02 14:12:47',235),(935,'48-74',14,50,70,'2021-09-02 14:12:47','2021-09-02 14:12:47',235),(936,'44-68',61,50,70,'2021-09-02 14:12:48','2021-09-02 14:12:48',235),(937,'52-80',28,50,70,'2021-09-02 14:12:48','2021-09-02 14:12:48',236),(938,'44-68',77,40,56,'2021-09-02 14:12:48','2021-09-02 14:12:48',236),(939,'40-62',177,40,56,'2021-09-02 14:12:48','2021-09-02 14:12:48',236),(940,'36-56',116,35,49,'2021-09-02 14:12:48','2021-09-02 14:12:48',236),(941,'48-74',28,50,70,'2021-09-02 14:12:48','2021-09-02 14:12:48',236),(942,'36-56',NULL,110,154,'2021-09-02 14:12:48','2021-09-02 14:12:48',237),(943,'40-62',9,110,154,'2021-09-02 14:12:48','2021-09-02 14:12:48',237),(944,'36-56',66,125,175,'2021-09-02 14:12:48','2021-09-02 14:12:48',238),(945,'40-62',81,125,175,'2021-09-02 14:12:48','2021-09-02 14:12:48',238),(946,'44-68',27,160,224,'2021-09-02 14:12:48','2021-09-02 14:12:48',239),(947,'52-80',23,160,224,'2021-09-02 14:12:48','2021-09-02 14:12:48',239),(948,'40-62',NULL,140,196,'2021-09-02 14:12:48','2021-09-02 14:12:48',239),(949,'48-74',28,160,224,'2021-09-02 14:12:48','2021-09-02 14:12:48',239),(950,'36-56',NULL,110,154,'2021-09-02 14:12:48','2021-09-02 14:12:48',240),(951,'52-80',NULL,120,168,'2021-09-02 14:12:48','2021-09-02 14:12:48',240),(952,'40-62',61,110,154,'2021-09-02 14:12:48','2021-09-02 14:12:48',240),(953,'44-68',58,120,168,'2021-09-02 14:12:48','2021-09-02 14:12:48',240),(954,'48-74',59,120,168,'2021-09-02 14:12:48','2021-09-02 14:12:48',240),(955,'36-56',49,105,147,'2021-09-02 14:12:48','2021-09-02 14:12:48',241),(956,'40-62',37,105,147,'2021-09-02 14:12:48','2021-09-02 14:12:48',241),(957,'44-68',34,110,154,'2021-09-02 14:12:48','2021-09-02 14:12:48',242),(958,'48-74',44,110,154,'2021-09-02 14:12:48','2021-09-02 14:12:48',242),(959,'40-62',6,95,133,'2021-09-02 14:12:48','2021-09-02 14:12:48',243),(960,'36-56',NULL,95,133,'2021-09-02 14:12:48','2021-09-02 14:12:48',243),(961,'36-56',NULL,95,133,'2021-09-02 14:12:48','2021-09-02 14:12:48',244),(962,'40-62',4,95,133,'2021-09-02 14:12:48','2021-09-02 14:12:48',244),(963,'40-62',93,98,137,'2021-09-02 14:12:48','2021-09-02 14:12:48',245),(964,'36-56',25,98,137,'2021-09-02 14:12:48','2021-09-02 14:12:48',245),(965,'36-56',NULL,90,126,'2021-09-02 14:12:48','2021-09-02 14:12:48',246),(966,'40-62',8,90,126,'2021-09-02 14:12:48','2021-09-02 14:12:48',246),(967,'44-68',5,115,161,'2021-09-02 14:12:48','2021-09-02 14:12:48',247),(968,'48-74',8,115,161,'2021-09-02 14:12:48','2021-09-02 14:12:48',247),(969,'44-68',51,180,252,'2021-09-02 14:12:48','2021-09-02 14:12:48',248),(970,'44-74',48,180,252,'2021-09-02 14:12:48','2021-09-02 14:12:48',248),(971,'48-80',47,180,252,'2021-09-02 14:12:48','2021-09-02 14:12:48',248),(972,'48-86',44,180,252,'2021-09-02 14:12:48','2021-09-02 14:12:48',248),(973,'56-92',NULL,140,196,'2021-09-02 14:12:48','2021-09-02 14:12:48',249),(974,'56-86',NULL,140,196,'2021-09-02 14:12:48','2021-09-02 14:12:48',249),(975,'52-80',NULL,120,168,'2021-09-02 14:12:48','2021-09-02 14:12:48',249),(976,'40-62',11,120,168,'2021-09-02 14:12:48','2021-09-02 14:12:48',249),(977,'48-74',NULL,120,168,'2021-09-02 14:12:48','2021-09-02 14:12:48',249),(978,'44-68',3,120,168,'2021-09-02 14:12:48','2021-09-02 14:12:48',249),(979,'52-80',34,135,189,'2021-09-02 14:12:48','2021-09-02 14:12:48',250),(980,'40-62',2,99,139,'2021-09-02 14:12:48','2021-09-02 14:12:48',250),(981,'44-68',56,135,189,'2021-09-02 14:12:48','2021-09-02 14:12:48',250),(982,'48-74',48,135,189,'2021-09-02 14:12:48','2021-09-02 14:12:48',250),(983,'36-56',NULL,240,336,'2021-09-02 14:12:48','2021-09-02 14:12:48',251),(984,'40-62',6,240,336,'2021-09-02 14:12:48','2021-09-02 14:12:48',251),(985,'40-62',48,225,315,'2021-09-02 14:12:48','2021-09-02 14:12:48',252),(986,'36-56',64,225,315,'2021-09-02 14:12:48','2021-09-02 14:12:48',252),(987,'44-68',44,340,476,'2021-09-02 14:12:48','2021-09-02 14:12:48',253),(988,'48-74',46,340,476,'2021-09-02 14:12:48','2021-09-02 14:12:48',253),(989,'52-80',48,340,476,'2021-09-02 14:12:48','2021-09-02 14:12:48',253),(990,'56-86',44,360,504,'2021-09-02 14:12:48','2021-09-02 14:12:48',253),(991,'56-92',43,360,504,'2021-09-02 14:12:48','2021-09-02 14:12:48',253),(992,'36-56',24,205,287,'2021-09-02 14:12:48','2021-09-02 14:12:48',254),(993,'40-62',12,205,287,'2021-09-02 14:12:48','2021-09-02 14:12:48',254),(994,'44-68',64,270,378,'2021-09-02 14:12:48','2021-09-02 14:12:48',255),(995,'48-74',49,270,378,'2021-09-02 14:12:48','2021-09-02 14:12:48',255),(996,'40-62',84,270,378,'2021-09-02 14:12:48','2021-09-02 14:12:48',255),(997,'40-62',59,220,308,'2021-09-02 14:12:48','2021-09-02 14:12:48',256),(998,'36-56',46,220,308,'2021-09-02 14:12:48','2021-09-02 14:12:48',256),(999,'52-80',36,320,448,'2021-09-02 14:12:48','2021-09-02 14:12:48',257),(1000,'56-86',33,320,448,'2021-09-02 14:12:48','2021-09-02 14:12:48',257),(1001,'44-68',44,320,448,'2021-09-02 14:12:48','2021-09-02 14:12:48',257),(1002,'48-74',36,320,448,'2021-09-02 14:12:48','2021-09-02 14:12:48',257),(1003,'56-86',44,290,406,'2021-09-02 14:12:48','2021-09-02 14:12:48',258),(1004,'44-68',57,290,406,'2021-09-02 14:12:48','2021-09-02 14:12:48',258),(1005,'52-80',43,290,406,'2021-09-02 14:12:48','2021-09-02 14:12:48',258),(1006,'48-74',47,290,406,'2021-09-02 14:12:48','2021-09-02 14:12:48',258),(1007,'86-56',16,290,406,'2021-09-02 14:12:48','2021-09-02 14:12:48',259),(1008,'52-80',11,290,406,'2021-09-02 14:12:48','2021-09-02 14:12:48',259),(1009,'48-74',17,290,406,'2021-09-02 14:12:48','2021-09-02 14:12:48',259),(1010,'68-44',10,290,406,'2021-09-02 14:12:48','2021-09-02 14:12:48',259),(1011,'56-86',2,280,392,'2021-09-02 14:12:48','2021-09-02 14:12:48',260),(1012,'52-80',2,280,392,'2021-09-02 14:12:48','2021-09-02 14:12:48',260),(1013,'48-74',3,280,392,'2021-09-02 14:12:48','2021-09-02 14:12:48',260),(1014,'48-74',30,280,392,'2021-09-02 14:12:48','2021-09-02 14:12:48',261),(1015,'44-68',28,280,392,'2021-09-02 14:12:48','2021-09-02 14:12:48',261),(1016,'40-62',44,280,392,'2021-09-02 14:12:48','2021-09-02 14:12:48',261),(1017,'36-56',77,180,252,'2021-09-02 14:12:48','2021-09-02 14:12:48',262),(1018,'40-62',72,180,252,'2021-09-02 14:12:48','2021-09-02 14:12:48',262),(1019,'44-68',55,205,287,'2021-09-02 14:12:48','2021-09-02 14:12:48',263),(1020,'48-74',48,205,287,'2021-09-02 14:12:48','2021-09-02 14:12:48',263),(1021,'52-80',40,205,287,'2021-09-02 14:12:48','2021-09-02 14:12:48',263),(1022,'0-3.',31,240,336,'2021-09-02 14:12:48','2021-09-02 14:12:48',264),(1023,'90*90',22,770,1078,'2021-09-02 14:12:48','2021-09-02 14:12:48',265),(1024,'52-86',17,320,448,'2021-09-02 14:12:48','2021-09-02 14:12:48',266),(1025,'52-80',16,320,448,'2021-09-02 14:12:48','2021-09-02 14:12:48',266),(1026,'48-74',16,320,448,'2021-09-02 14:12:48','2021-09-02 14:12:48',266),(1027,'44-68',13,320,448,'2021-09-02 14:12:48','2021-09-02 14:12:48',266),(1028,'80*80',11,480,672,'2021-09-02 14:12:48','2021-09-02 14:12:48',267),(1029,'0-3.',54,520,728,'2021-09-02 14:12:48','2021-09-02 14:12:48',268),(1030,'80*90',20,550,770,'2021-09-02 14:12:48','2021-09-02 14:12:48',269),(1031,'48-74',1,350,490,'2021-09-02 14:12:48','2021-09-02 14:12:48',270),(1032,'44-68',1,350,490,'2021-09-02 14:12:48','2021-09-02 14:12:48',270),(1033,'52-80',4,350,490,'2021-09-02 14:12:48','2021-09-02 14:12:48',270),(1034,'44-68',3,310,434,'2021-09-02 14:12:48','2021-09-02 14:12:48',271),(1035,'52-80',6,310,434,'2021-09-02 14:12:48','2021-09-02 14:12:48',271),(1036,'48-74',4,310,434,'2021-09-02 14:12:48','2021-09-02 14:12:48',271),(1037,'52-80',4,320,448,'2021-09-02 14:12:48','2021-09-02 14:12:48',272),(1038,'48-74',3,320,448,'2021-09-02 14:12:48','2021-09-02 14:12:48',272),(1039,'44-68',2,320,448,'2021-09-02 14:12:48','2021-09-02 14:12:48',272),(1040,'40-62',15,320,448,'2021-09-02 14:12:48','2021-09-02 14:12:48',273),(1041,'44-68',17,320,448,'2021-09-02 14:12:48','2021-09-02 14:12:48',273),(1042,'36-56',16,320,448,'2021-09-02 14:12:48','2021-09-02 14:12:48',273),(1043,'48-74',18,310,434,'2021-09-02 14:12:48','2021-09-02 14:12:48',274),(1044,'44-68',19,310,434,'2021-09-02 14:12:48','2021-09-02 14:12:48',274),(1045,'40-62',20,310,434,'2021-09-02 14:12:48','2021-09-02 14:12:48',274),(1046,'44',NULL,75,105,'2021-09-02 14:12:48','2021-09-02 14:12:48',275),(1047,'48',NULL,75,105,'2021-09-02 14:12:48','2021-09-02 14:12:48',275),(1048,'40',36,70,98,'2021-09-02 14:12:48','2021-09-02 14:12:48',275),(1049,'52',NULL,75,105,'2021-09-02 14:12:48','2021-09-02 14:12:48',275),(1050,'36-56',30,390,546,'2021-09-02 14:12:48','2021-09-02 14:12:48',276),(1051,'40-62',55,45,63,'2021-09-02 14:12:48','2021-09-02 14:12:48',277),(1052,'36-56',73,45,63,'2021-09-02 14:12:48','2021-09-02 14:12:48',277),(1053,'330',NULL,39,55,'2021-09-02 14:12:48','2021-09-02 14:12:48',278),(1054,'36-56',13,40,56,'2021-09-02 14:12:48','2021-09-02 14:12:48',279),(1055,'40-62',15,75,105,'2021-09-02 14:12:48','2021-09-02 14:12:48',280),(1056,'44',57,75,105,'2021-09-02 14:12:48','2021-09-02 14:12:48',280),(1057,'48',44,75,105,'2021-09-02 14:12:48','2021-09-02 14:12:48',280),(1058,'52',19,75,105,'2021-09-02 14:12:48','2021-09-02 14:12:48',280),(1059,'40-62',58,105,147,'2021-09-02 14:12:48','2021-09-02 14:12:48',281),(1060,'36-56',44,105,147,'2021-09-02 14:12:48','2021-09-02 14:12:48',281),(1061,'36-56',51,190,266,'2021-09-02 14:12:48','2021-09-02 14:12:48',282),(1062,'40-62',67,190,266,'2021-09-02 14:12:48','2021-09-02 14:12:48',282),(1063,'40-62',39,160,224,'2021-09-02 14:12:48','2021-09-02 14:12:48',283),(1064,'44-68',44,160,224,'2021-09-02 14:12:48','2021-09-02 14:12:48',283),(1065,'48-74',40,160,224,'2021-09-02 14:12:48','2021-09-02 14:12:48',283),(1066,'52-80',30,160,224,'2021-09-02 14:12:48','2021-09-02 14:12:48',283),(1067,'44',31,67,94,'2021-09-02 14:12:48','2021-09-02 14:12:48',284),(1068,'40',17,67,94,'2021-09-02 14:12:48','2021-09-02 14:12:48',284),(1069,'36',58,67,94,'2021-09-02 14:12:48','2021-09-02 14:12:48',284),(1070,'60-110,116',26,105,147,'2021-09-02 14:12:48','2021-09-02 14:12:48',285),(1071,'44-68,74',16,95,133,'2021-09-02 14:12:48','2021-09-02 14:12:48',285),(1072,'48-80,86',5,95,133,'2021-09-02 14:12:48','2021-09-02 14:12:48',285),(1073,'52-92',20,105,147,'2021-09-02 14:12:48','2021-09-02 14:12:48',285),(1074,'56-98,104',23,105,147,'2021-09-02 14:12:48','2021-09-02 14:12:48',285),(1075,'40-62',43,150,210,'2021-09-02 14:12:49','2021-09-02 14:12:49',286),(1076,'520',NULL,19,27,'2021-09-02 14:12:49','2021-09-02 14:12:49',287),(1077,'0-3.',34,250,350,'2021-09-02 14:12:49','2021-09-02 14:12:49',288),(1078,'0-3.',40,250,350,'2021-09-02 14:12:49','2021-09-02 14:12:49',289),(1079,'52-80',32,240,336,'2021-09-02 14:12:49','2021-09-02 14:12:49',290),(1080,'48-74',29,240,336,'2021-09-02 14:12:49','2021-09-02 14:12:49',290),(1081,'44-68',29,240,336,'2021-09-02 14:12:49','2021-09-02 14:12:49',290),(1082,'40-62',22,240,336,'2021-09-02 14:12:49','2021-09-02 14:12:49',290),(1083,'36-56',43,240,336,'2021-09-02 14:12:49','2021-09-02 14:12:49',291),(1084,'40-62',43,240,336,'2021-09-02 14:12:49','2021-09-02 14:12:49',291),(1085,'68-134',67,160,224,'2021-09-02 14:12:49','2021-09-02 14:12:49',292),(1086,'52-92',67,130,182,'2021-09-02 14:12:49','2021-09-02 14:12:49',292),(1087,'72-140',67,160,224,'2021-09-02 14:12:49','2021-09-02 14:12:49',292),(1088,'56-98,104',67,130,182,'2021-09-02 14:12:49','2021-09-02 14:12:49',292),(1089,'60-110,116',67,130,182,'2021-09-02 14:12:49','2021-09-02 14:12:49',292),(1090,'64-122',67,160,224,'2021-09-02 14:12:49','2021-09-02 14:12:49',292),(1091,'52-86',67,160,224,'2021-09-02 14:12:49','2021-09-02 14:12:49',293),(1092,'52-80',67,160,224,'2021-09-02 14:12:49','2021-09-02 14:12:49',293),(1093,'48-74',67,160,224,'2021-09-02 14:12:49','2021-09-02 14:12:49',293),(1094,'44-68',67,160,224,'2021-09-02 14:12:49','2021-09-02 14:12:49',293),(1095,'36-56',38,260,364,'2021-09-02 14:12:49','2021-09-02 14:12:49',294),(1096,'40-62',38,260,364,'2021-09-02 14:12:49','2021-09-02 14:12:49',294),(1097,'48-74',67,160,224,'2021-09-02 14:12:49','2021-09-02 14:12:49',295),(1098,'44-68',67,160,224,'2021-09-02 14:12:49','2021-09-02 14:12:49',295),(1099,'52-80',67,160,224,'2021-09-02 14:12:49','2021-09-02 14:12:49',295),(1100,'40-62',67,160,224,'2021-09-02 14:12:49','2021-09-02 14:12:49',295),(1101,'36-56',39,320,448,'2021-09-02 14:12:49','2021-09-02 14:12:49',296),(1102,'40-62',38,320,448,'2021-09-02 14:12:49','2021-09-02 14:12:49',296),(1103,'68-134',10,600,840,'2021-09-02 14:12:49','2021-09-02 14:12:49',297),(1104,'72-140,146',7,600,840,'2021-09-02 14:12:49','2021-09-02 14:12:49',297),(1105,'60-110,116',9,552,773,'2021-09-02 14:12:49','2021-09-02 14:12:49',297),(1106,'56-98,104',9,552,773,'2021-09-02 14:12:49','2021-09-02 14:12:49',297),(1107,'64-122,128',7,552,773,'2021-09-02 14:12:49','2021-09-02 14:12:49',297),(1108,'56-92',3,640,896,'2021-09-02 14:12:49','2021-09-02 14:12:49',298),(1109,'56-86',3,640,896,'2021-09-02 14:12:49','2021-09-02 14:12:49',298),(1110,'52-80',7,640,896,'2021-09-02 14:12:49','2021-09-02 14:12:49',298),(1111,'48-74',NULL,640,896,'2021-09-02 14:12:49','2021-09-02 14:12:49',298),(1112,'44-68',20,650,910,'2021-09-02 14:12:49','2021-09-02 14:12:49',299),(1113,'40-62',6,650,910,'2021-09-02 14:12:49','2021-09-02 14:12:49',299),(1114,'36-56',15,650,910,'2021-09-02 14:12:49','2021-09-02 14:12:49',299),(1115,'48-74',27,650,910,'2021-09-02 14:12:49','2021-09-02 14:12:49',299),(1116,'40-62',3,630,882,'2021-09-02 14:12:49','2021-09-02 14:12:49',300),(1117,'36-56',9,630,882,'2021-09-02 14:12:49','2021-09-02 14:12:49',300),(1118,'44-68',2,630,882,'2021-09-02 14:12:49','2021-09-02 14:12:49',300),(1119,'48-74',15,630,882,'2021-09-02 14:12:49','2021-09-02 14:12:49',300),(1120,'44-68',1,450,630,'2021-09-02 14:12:49','2021-09-02 14:12:49',301),(1121,'48-74',1,450,630,'2021-09-02 14:12:49','2021-09-02 14:12:49',301),(1122,'36-56',5,450,630,'2021-09-02 14:12:49','2021-09-02 14:12:49',301),(1123,'40-62',NULL,450,630,'2021-09-02 14:12:49','2021-09-02 14:12:49',301),(1124,'36-56',NULL,95,133,'2021-09-02 14:12:49','2021-09-02 14:12:49',302),(1125,'40-62',7,95,133,'2021-09-02 14:12:49','2021-09-02 14:12:49',302),(1126,'44-68',14,95,133,'2021-09-02 14:12:49','2021-09-02 14:12:49',302),(1127,'48-74',8,95,133,'2021-09-02 14:12:49','2021-09-02 14:12:49',302),(1128,'44-68',13,55,77,'2021-09-02 14:12:49','2021-09-02 14:12:49',303),(1129,'40-62',12,55,77,'2021-09-02 14:12:49','2021-09-02 14:12:49',303),(1130,'36-56',NULL,55,77,'2021-09-02 14:12:49','2021-09-02 14:12:49',303),(1131,'40-62',73,60,84,'2021-09-02 14:12:49','2021-09-02 14:12:49',304),(1132,'44-68',76,60,84,'2021-09-02 14:12:49','2021-09-02 14:12:49',304),(1133,'36-56',15,50,70,'2021-09-02 14:12:49','2021-09-02 14:12:49',304),(1134,'36-56',17,70,98,'2021-09-02 14:12:49','2021-09-02 14:12:49',305),(1135,'44-68',16,70,98,'2021-09-02 14:12:49','2021-09-02 14:12:49',305),(1136,'48-74',12,70,98,'2021-09-02 14:12:49','2021-09-02 14:12:49',305),(1137,'40-62',10,70,98,'2021-09-02 14:12:49','2021-09-02 14:12:49',305),(1138,'40-62',8,205,287,'2021-09-02 14:12:49','2021-09-02 14:12:49',306),(1139,'44-68',NULL,205,287,'2021-09-02 14:12:49','2021-09-02 14:12:49',306),(1140,'52-80',NULL,205,287,'2021-09-02 14:12:49','2021-09-02 14:12:49',306),(1141,'48-74',NULL,205,287,'2021-09-02 14:12:49','2021-09-02 14:12:49',306),(1142,'44-68',13,160,224,'2021-09-02 14:12:49','2021-09-02 14:12:49',307),(1143,'48-74',NULL,160,224,'2021-09-02 14:12:49','2021-09-02 14:12:49',307),(1144,'52-80',NULL,160,224,'2021-09-02 14:12:49','2021-09-02 14:12:49',307),(1145,'40-62',29,160,224,'2021-09-02 14:12:49','2021-09-02 14:12:49',307),(1146,'44-68',3,135,189,'2021-09-02 14:12:49','2021-09-02 14:12:49',308),(1147,'40-62',17,135,189,'2021-09-02 14:12:49','2021-09-02 14:12:49',308),(1148,'48-74',NULL,135,189,'2021-09-02 14:12:49','2021-09-02 14:12:49',308),(1149,'44-68',40,210,294,'2021-09-02 14:12:49','2021-09-02 14:12:49',309),(1150,'48-74',17,210,294,'2021-09-02 14:12:49','2021-09-02 14:12:49',309),(1151,'40-62',51,210,294,'2021-09-02 14:12:49','2021-09-02 14:12:49',309),(1152,'52-80',6,210,294,'2021-09-02 14:12:49','2021-09-02 14:12:49',309),(1153,'40-62',3,145,203,'2021-09-02 14:12:49','2021-09-02 14:12:49',310),(1154,'48-74',NULL,145,203,'2021-09-02 14:12:49','2021-09-02 14:12:49',310),(1155,'44-68',2,145,203,'2021-09-02 14:12:49','2021-09-02 14:12:49',310),(1156,'44-68',33,160,224,'2021-09-02 14:12:49','2021-09-02 14:12:49',311),(1157,'36-56',NULL,160,224,'2021-09-02 14:12:49','2021-09-02 14:12:49',311),(1158,'40-62',32,160,224,'2021-09-02 14:12:49','2021-09-02 14:12:49',311),(1159,'48-74',32,160,224,'2021-09-02 14:12:49','2021-09-02 14:12:49',311),(1160,'40-62',69,210,294,'2021-09-02 14:12:49','2021-09-02 14:12:49',312),(1161,'44-68',61,210,294,'2021-09-02 14:12:49','2021-09-02 14:12:49',312),(1162,'48-74',45,210,294,'2021-09-02 14:12:49','2021-09-02 14:12:49',312),(1163,'52-80',40,210,294,'2021-09-02 14:12:49','2021-09-02 14:12:49',312),(1164,'40-62',79,205,287,'2021-09-02 14:12:49','2021-09-02 14:12:49',313),(1165,'44-68',63,205,287,'2021-09-02 14:12:49','2021-09-02 14:12:49',313),(1166,'48-74',34,205,287,'2021-09-02 14:12:49','2021-09-02 14:12:49',313),(1167,'52-80',10,205,287,'2021-09-02 14:12:49','2021-09-02 14:12:49',313),(1168,'44-68',3,160,224,'2021-09-02 14:12:49','2021-09-02 14:12:49',314),(1169,'52-80',NULL,160,224,'2021-09-02 14:12:49','2021-09-02 14:12:49',314),(1170,'48-74',3,160,224,'2021-09-02 14:12:49','2021-09-02 14:12:49',314),(1171,'56-86',2,160,224,'2021-09-02 14:12:49','2021-09-02 14:12:49',314),(1172,'48-80',13,290,406,'2021-09-02 14:12:49','2021-09-02 14:12:49',315),(1173,'48-86',12,290,406,'2021-09-02 14:12:49','2021-09-02 14:12:49',315),(1174,'52-92',15,290,406,'2021-09-02 14:12:49','2021-09-02 14:12:49',315),(1175,'44-74',18,290,406,'2021-09-02 14:12:49','2021-09-02 14:12:49',315),(1176,'56-98',19,290,406,'2021-09-02 14:12:49','2021-09-02 14:12:49',315),(1177,'48-74',1,210,294,'2021-09-02 14:12:49','2021-09-02 14:12:49',316),(1178,'40-62',18,210,294,'2021-09-02 14:12:49','2021-09-02 14:12:49',316),(1179,'52-80',NULL,210,294,'2021-09-02 14:12:49','2021-09-02 14:12:49',316),(1180,'44-68',3,210,294,'2021-09-02 14:12:49','2021-09-02 14:12:49',316),(1181,'52-80',15,260,364,'2021-09-02 14:12:49','2021-09-02 14:12:49',317),(1182,'48-74',15,260,364,'2021-09-02 14:12:49','2021-09-02 14:12:49',317),(1183,'40-62',29,260,364,'2021-09-02 14:12:49','2021-09-02 14:12:49',317),(1184,'44-68',21,260,364,'2021-09-02 14:12:49','2021-09-02 14:12:49',317),(1185,'52-80',8,160,224,'2021-09-02 14:12:49','2021-09-02 14:12:49',318),(1186,'44-68',29,160,224,'2021-09-02 14:12:49','2021-09-02 14:12:49',318),(1187,'40-62',32,160,224,'2021-09-02 14:12:49','2021-09-02 14:12:49',318),(1188,'48-74',18,160,224,'2021-09-02 14:12:49','2021-09-02 14:12:49',318),(1189,'80-158',20,160,224,'2021-09-02 14:12:49','2021-09-02 14:12:49',319),(1190,'84-164',22,160,224,'2021-09-02 14:12:49','2021-09-02 14:12:49',319),(1191,'76-152',22,160,224,'2021-09-02 14:12:49','2021-09-02 14:12:49',319),(1192,'72-140,146',21,160,224,'2021-09-02 14:12:49','2021-09-02 14:12:49',319),(1193,'68-128,134',22,160,224,'2021-09-02 14:12:49','2021-09-02 14:12:49',319),(1194,'64-122,128',23,160,224,'2021-09-02 14:12:49','2021-09-02 14:12:49',319),(1195,'60-110,116',27,160,224,'2021-09-02 14:12:49','2021-09-02 14:12:49',319),(1196,'64-122',14,240,336,'2021-09-02 14:12:49','2021-09-02 14:12:49',320),(1197,'60-116',14,240,336,'2021-09-02 14:12:49','2021-09-02 14:12:49',320),(1198,'60-110',13,240,336,'2021-09-02 14:12:49','2021-09-02 14:12:49',320),(1199,'64-128',15,250,350,'2021-09-02 14:12:49','2021-09-02 14:12:49',320),(1200,'68-134',13,250,350,'2021-09-02 14:12:49','2021-09-02 14:12:49',320),(1201,'72-140',14,250,350,'2021-09-02 14:12:49','2021-09-02 14:12:49',320),(1202,'60-110',71,190,266,'2021-09-02 14:12:49','2021-09-02 14:12:49',321),(1203,'52-92',108,190,266,'2021-09-02 14:12:49','2021-09-02 14:12:49',321),(1204,'48-86',130,150,210,'2021-09-02 14:12:49','2021-09-02 14:12:49',321),(1205,'48-80',94,150,210,'2021-09-02 14:12:49','2021-09-02 14:12:49',321),(1206,'64-128',39,240,336,'2021-09-02 14:12:49','2021-09-02 14:12:49',321),(1207,'56-104',94,190,266,'2021-09-02 14:12:49','2021-09-02 14:12:49',321),(1208,'68-134',32,240,336,'2021-09-02 14:12:49','2021-09-02 14:12:49',321),(1209,'72-146',25,240,336,'2021-09-02 14:12:49','2021-09-02 14:12:49',321),(1210,'64-122',40,220,308,'2021-09-02 14:12:49','2021-09-02 14:12:49',321),(1211,'56-98',97,190,266,'2021-09-02 14:12:49','2021-09-02 14:12:49',321),(1212,'72-140',38,240,336,'2021-09-02 14:12:49','2021-09-02 14:12:49',321),(1213,'60-116',63,220,308,'2021-09-02 14:12:49','2021-09-02 14:12:49',321),(1214,'40-62',21,240,336,'2021-09-02 14:12:49','2021-09-02 14:12:49',322),(1215,'52-80',13,240,336,'2021-09-02 14:12:49','2021-09-02 14:12:49',322),(1216,'44-68',23,240,336,'2021-09-02 14:12:49','2021-09-02 14:12:49',322),(1217,'48-74',15,240,336,'2021-09-02 14:12:49','2021-09-02 14:12:49',322),(1218,'52-80',2,250,350,'2021-09-02 14:12:49','2021-09-02 14:12:49',323),(1219,'40-62',15,250,350,'2021-09-02 14:12:49','2021-09-02 14:12:49',323),(1220,'44-68',9,250,350,'2021-09-02 14:12:49','2021-09-02 14:12:49',323),(1221,'48-74',4,250,350,'2021-09-02 14:12:49','2021-09-02 14:12:49',323),(1222,'48-74',NULL,240,336,'2021-09-02 14:12:49','2021-09-02 14:12:49',324),(1223,'52-80',NULL,240,336,'2021-09-02 14:12:49','2021-09-02 14:12:49',324),(1224,'44-68',NULL,240,336,'2021-09-02 14:12:49','2021-09-02 14:12:49',324),(1225,'40-62',4,240,336,'2021-09-02 14:12:49','2021-09-02 14:12:49',324),(1226,'52-80',3,220,308,'2021-09-02 14:12:49','2021-09-02 14:12:49',325),(1227,'48-74',4,220,308,'2021-09-02 14:12:49','2021-09-02 14:12:49',325),(1228,'44-68',8,220,308,'2021-09-02 14:12:50','2021-09-02 14:12:50',325),(1229,'40-62',11,220,308,'2021-09-02 14:12:50','2021-09-02 14:12:50',325),(1230,'48-74',9,260,364,'2021-09-02 14:12:50','2021-09-02 14:12:50',326),(1231,'52-80',9,260,364,'2021-09-02 14:12:50','2021-09-02 14:12:50',326),(1232,'44-68',9,260,364,'2021-09-02 14:12:50','2021-09-02 14:12:50',326),(1233,'52-80',6,220,308,'2021-09-02 14:12:50','2021-09-02 14:12:50',327),(1234,'48-74',15,220,308,'2021-09-02 14:12:50','2021-09-02 14:12:50',327),(1235,'56-86',NULL,220,308,'2021-09-02 14:12:50','2021-09-02 14:12:50',327),(1236,'60-92',NULL,220,308,'2021-09-02 14:12:50','2021-09-02 14:12:50',327),(1237,'60-116',29,220,308,'2021-09-02 14:12:50','2021-09-02 14:12:50',328),(1238,'64-122',26,220,308,'2021-09-02 14:12:50','2021-09-02 14:12:50',328),(1239,'56-104',24,220,308,'2021-09-02 14:12:50','2021-09-02 14:12:50',328),(1240,'56-98',26,220,308,'2021-09-02 14:12:50','2021-09-02 14:12:50',328),(1241,'60-110',29,220,308,'2021-09-02 14:12:50','2021-09-02 14:12:50',328),(1242,'52-92',48,220,308,'2021-09-02 14:12:50','2021-09-02 14:12:50',329),(1243,'56-98,104',45,220,308,'2021-09-02 14:12:50','2021-09-02 14:12:50',329),(1244,'60-110,116',50,220,308,'2021-09-02 14:12:50','2021-09-02 14:12:50',329),(1245,'64-122,128',48,240,336,'2021-09-02 14:12:50','2021-09-02 14:12:50',329),(1246,'68-134',56,240,336,'2021-09-02 14:12:50','2021-09-02 14:12:50',329),(1247,'60-110,116',7,180,252,'2021-09-02 14:12:50','2021-09-02 14:12:50',330),(1248,'56-98,104',21,180,252,'2021-09-02 14:12:50','2021-09-02 14:12:50',330),(1249,'52-92',25,180,252,'2021-09-02 14:12:50','2021-09-02 14:12:50',330),(1250,'68-134',24,180,252,'2021-09-02 14:12:50','2021-09-02 14:12:50',330),(1251,'64-122,128',23,180,252,'2021-09-02 14:12:50','2021-09-02 14:12:50',330),(1252,'72-140,146',3,190,266,'2021-09-02 14:12:50','2021-09-02 14:12:50',331),(1253,'76-152',9,205,287,'2021-09-02 14:12:50','2021-09-02 14:12:50',331),(1254,'80-158',6,205,287,'2021-09-02 14:12:50','2021-09-02 14:12:50',331),(1255,'64-122,128',4,190,266,'2021-09-02 14:12:50','2021-09-02 14:12:50',331),(1256,'68-134',3,190,266,'2021-09-02 14:12:50','2021-09-02 14:12:50',331),(1257,'48-86',3,180,252,'2021-09-02 14:12:50','2021-09-02 14:12:50',332),(1258,'52-92',8,180,252,'2021-09-02 14:12:50','2021-09-02 14:12:50',332),(1259,'56-98',16,180,252,'2021-09-02 14:12:50','2021-09-02 14:12:50',332),(1260,'56-104',6,180,252,'2021-09-02 14:12:50','2021-09-02 14:12:50',332),(1261,'60-110',12,180,252,'2021-09-02 14:12:50','2021-09-02 14:12:50',332),(1262,'48-86',18,180,252,'2021-09-02 14:12:50','2021-09-02 14:12:50',333),(1263,'56-98',34,180,252,'2021-09-02 14:12:50','2021-09-02 14:12:50',333),(1264,'56-104',42,180,252,'2021-09-02 14:12:50','2021-09-02 14:12:50',333),(1265,'52-92',17,180,252,'2021-09-02 14:12:50','2021-09-02 14:12:50',333),(1266,'64-122,128',11,260,364,'2021-09-02 14:12:50','2021-09-02 14:12:50',334),(1267,'80-158',12,280,392,'2021-09-02 14:12:50','2021-09-02 14:12:50',334),(1268,'76-152',11,280,392,'2021-09-02 14:12:50','2021-09-02 14:12:50',334),(1269,'68-134',8,260,364,'2021-09-02 14:12:50','2021-09-02 14:12:50',334),(1270,'72-140,146',17,260,364,'2021-09-02 14:12:50','2021-09-02 14:12:50',334),(1271,'56-86',12,140,196,'2021-09-02 14:12:50','2021-09-02 14:12:50',335),(1272,'52-80',14,140,196,'2021-09-02 14:12:50','2021-09-02 14:12:50',335),(1273,'48-74',14,140,196,'2021-09-02 14:12:50','2021-09-02 14:12:50',335),(1274,'60-92',17,140,196,'2021-09-02 14:12:50','2021-09-02 14:12:50',335),(1275,'48-50',NULL,50,70,'2021-09-02 14:12:50','2021-09-02 14:12:50',336),(1276,'44-68',4,50,70,'2021-09-02 14:12:50','2021-09-02 14:12:50',336),(1277,'46-48',5,50,70,'2021-09-02 14:12:50','2021-09-02 14:12:50',336),(1278,'84-164',9,190,266,'2021-09-02 14:12:50','2021-09-02 14:12:50',337),(1279,'52-92',18,160,224,'2021-09-02 14:12:50','2021-09-02 14:12:50',337),(1280,'56-98,104',16,160,224,'2021-09-02 14:12:50','2021-09-02 14:12:50',337),(1281,'60-110,116',17,160,224,'2021-09-02 14:12:50','2021-09-02 14:12:50',337),(1282,'64-122,128',16,180,252,'2021-09-02 14:12:50','2021-09-02 14:12:50',337),(1283,'68-134',16,180,252,'2021-09-02 14:12:50','2021-09-02 14:12:50',337),(1284,'72-140,146',14,180,252,'2021-09-02 14:12:50','2021-09-02 14:12:50',337),(1285,'76-152',15,190,266,'2021-09-02 14:12:50','2021-09-02 14:12:50',337),(1286,'80-158',15,190,266,'2021-09-02 14:12:50','2021-09-02 14:12:50',337),(1287,'56-86',41,180,252,'2021-09-02 14:12:50','2021-09-02 14:12:50',338),(1288,'60-92',40,180,252,'2021-09-02 14:12:50','2021-09-02 14:12:50',338),(1289,'48-74',45,180,252,'2021-09-02 14:12:50','2021-09-02 14:12:50',338),(1290,'52-80',50,180,252,'2021-09-02 14:12:50','2021-09-02 14:12:50',338),(1291,'52-92',14,180,252,'2021-09-02 14:12:50','2021-09-02 14:12:50',339),(1292,'60-110,116',7,180,252,'2021-09-02 14:12:50','2021-09-02 14:12:50',339),(1293,'64-122,128',12,180,252,'2021-09-02 14:12:50','2021-09-02 14:12:50',339),(1294,'68-134',12,180,252,'2021-09-02 14:12:50','2021-09-02 14:12:50',339),(1295,'56-98,104',8,180,252,'2021-09-02 14:12:50','2021-09-02 14:12:50',339),(1296,'64-122,128',30,150,210,'2021-09-02 14:12:50','2021-09-02 14:12:50',340),(1297,'56-92',34,150,210,'2021-09-02 14:12:50','2021-09-02 14:12:50',340),(1298,'72-140,146',24,170,238,'2021-09-02 14:12:50','2021-09-02 14:12:50',340),(1299,'68-134',21,150,210,'2021-09-02 14:12:50','2021-09-02 14:12:50',340),(1300,'56-98,104',23,150,210,'2021-09-02 14:12:50','2021-09-02 14:12:50',340),(1301,'76-152',27,170,238,'2021-09-02 14:12:50','2021-09-02 14:12:50',340),(1302,'60-110,116',26,150,210,'2021-09-02 14:12:50','2021-09-02 14:12:50',340),(1303,'40-62',NULL,NULL,0,'2021-09-02 14:12:50','2021-09-02 14:12:50',341),(1304,'48-80',23,150,210,'2021-09-02 14:12:50','2021-09-02 14:12:50',341),(1305,'44-74',16,150,210,'2021-09-02 14:12:50','2021-09-02 14:12:50',341),(1306,'44-68',20,150,210,'2021-09-02 14:12:50','2021-09-02 14:12:50',341),(1307,'48-86',22,150,210,'2021-09-02 14:12:50','2021-09-02 14:12:50',341),(1308,'56-98',27,150,210,'2021-09-02 14:12:50','2021-09-02 14:12:50',341),(1309,'52-92',25,150,210,'2021-09-02 14:12:50','2021-09-02 14:12:50',341),(1310,'56-104',26,150,210,'2021-09-02 14:12:50','2021-09-02 14:12:50',341),(1311,'52-86',18,260,364,'2021-09-02 14:12:50','2021-09-02 14:12:50',342),(1312,'56-92',10,260,364,'2021-09-02 14:12:50','2021-09-02 14:12:50',342),(1313,'48-80',19,260,364,'2021-09-02 14:12:50','2021-09-02 14:12:50',342),(1314,'44-74',31,260,364,'2021-09-02 14:12:50','2021-09-02 14:12:50',342),(1315,'56-104',27,220,308,'2021-09-02 14:12:50','2021-09-02 14:12:50',343),(1316,'64-122',26,220,308,'2021-09-02 14:12:50','2021-09-02 14:12:50',343),(1317,'60-116',31,220,308,'2021-09-02 14:12:50','2021-09-02 14:12:50',343),(1318,'60-110',30,220,308,'2021-09-02 14:12:50','2021-09-02 14:12:50',343),(1319,'56-98',29,220,308,'2021-09-02 14:12:50','2021-09-02 14:12:50',343),(1320,'60-116',43,175,245,'2021-09-02 14:12:50','2021-09-02 14:12:50',344),(1321,'60-110',37,175,245,'2021-09-02 14:12:50','2021-09-02 14:12:50',344),(1322,'56-104',48,175,245,'2021-09-02 14:12:50','2021-09-02 14:12:50',344),(1323,'56-98',44,175,245,'2021-09-02 14:12:50','2021-09-02 14:12:50',344),(1324,'64-122',34,175,245,'2021-09-02 14:12:50','2021-09-02 14:12:50',344),(1325,'60-92',7,115,161,'2021-09-02 14:12:50','2021-09-02 14:12:50',345),(1326,'56-86',4,115,161,'2021-09-02 14:12:50','2021-09-02 14:12:50',345),(1327,'52-80',11,115,161,'2021-09-02 14:12:50','2021-09-02 14:12:50',345),(1328,'48-74',13,115,161,'2021-09-02 14:12:50','2021-09-02 14:12:50',345),(1329,'44-68',16,115,161,'2021-09-02 14:12:50','2021-09-02 14:12:50',345),(1330,'52-92',NULL,145,203,'2021-09-02 14:12:50','2021-09-02 14:12:50',346),(1331,'56-98,104',4,147,206,'2021-09-02 14:12:50','2021-09-02 14:12:50',346),(1332,'60-110,116',6,145,203,'2021-09-02 14:12:50','2021-09-02 14:12:50',346),(1333,'64-122,128',9,145,203,'2021-09-02 14:12:50','2021-09-02 14:12:50',346),(1334,'60-110',37,160,224,'2021-09-02 14:12:50','2021-09-02 14:12:50',347),(1335,'60-116',42,160,224,'2021-09-02 14:12:50','2021-09-02 14:12:50',347),(1336,'64-122',42,160,224,'2021-09-02 14:12:50','2021-09-02 14:12:50',347),(1337,'56-104',39,160,224,'2021-09-02 14:12:50','2021-09-02 14:12:50',347),(1338,'56-98',43,160,224,'2021-09-02 14:12:50','2021-09-02 14:12:50',347),(1339,'60-110,116',29,240,336,'2021-09-02 14:12:50','2021-09-02 14:12:50',348),(1340,'64-122,128',26,240,336,'2021-09-02 14:12:50','2021-09-02 14:12:50',348),(1341,'68-134',25,240,336,'2021-09-02 14:12:50','2021-09-02 14:12:50',348),(1342,'52-92',30,240,336,'2021-09-02 14:12:50','2021-09-02 14:12:50',348),(1343,'56-98,104',28,240,336,'2021-09-02 14:12:50','2021-09-02 14:12:50',348),(1344,'48-86',45,350,490,'2021-09-02 14:12:50','2021-09-02 14:12:50',349),(1345,'52-92',52,350,490,'2021-09-02 14:12:50','2021-09-02 14:12:50',349),(1346,'56-98',54,350,490,'2021-09-02 14:12:50','2021-09-02 14:12:50',349),(1347,'48-80',49,350,490,'2021-09-02 14:12:50','2021-09-02 14:12:50',349),(1348,'44-74',56,350,490,'2021-09-02 14:12:50','2021-09-02 14:12:50',349),(1349,'56-98',16,250,350,'2021-09-02 14:12:50','2021-09-02 14:12:50',350),(1350,'52-92',16,250,350,'2021-09-02 14:12:50','2021-09-02 14:12:50',350),(1351,'44-74',16,220,308,'2021-09-02 14:12:50','2021-09-02 14:12:50',350),(1352,'48-80',16,220,308,'2021-09-02 14:12:50','2021-09-02 14:12:50',350),(1353,'48-86',15,250,350,'2021-09-02 14:12:50','2021-09-02 14:12:50',350),(1354,'60-110,116',11,120,168,'2021-09-02 14:12:50','2021-09-02 14:12:50',351),(1355,'64-122,128',5,120,168,'2021-09-02 14:12:50','2021-09-02 14:12:50',351),(1356,'56-98,104',9,120,168,'2021-09-02 14:12:50','2021-09-02 14:12:50',351),(1357,'68-128,134',8,120,168,'2021-09-02 14:12:50','2021-09-02 14:12:50',351),(1358,'52-86,92',11,120,168,'2021-09-02 14:12:50','2021-09-02 14:12:50',351),(1359,'60-110,116',28,240,336,'2021-09-02 14:12:50','2021-09-02 14:12:50',352),(1360,'64-122,128',31,240,336,'2021-09-02 14:12:50','2021-09-02 14:12:50',352),(1361,'56-98,104',28,240,336,'2021-09-02 14:12:50','2021-09-02 14:12:50',352),(1362,'52-92',27,240,336,'2021-09-02 14:12:50','2021-09-02 14:12:50',352),(1363,'48-80,86',29,240,336,'2021-09-02 14:12:50','2021-09-02 14:12:50',352),(1364,'60-110,116',16,220,308,'2021-09-02 14:12:50','2021-09-02 14:12:50',353),(1365,'68-134',30,220,308,'2021-09-02 14:12:50','2021-09-02 14:12:50',353),(1366,'64-122,128',27,220,308,'2021-09-02 14:12:50','2021-09-02 14:12:50',353),(1367,'56-98,104',17,220,308,'2021-09-02 14:12:50','2021-09-02 14:12:50',353),(1368,'52-92',19,220,308,'2021-09-02 14:12:50','2021-09-02 14:12:50',353),(1369,'56-104',7,130,182,'2021-09-02 14:12:50','2021-09-02 14:12:50',354),(1370,'60-110',8,130,182,'2021-09-02 14:12:50','2021-09-02 14:12:50',354),(1371,'60-116',7,130,182,'2021-09-02 14:12:50','2021-09-02 14:12:50',354),(1372,'64-122',3,130,182,'2021-09-02 14:12:50','2021-09-02 14:12:50',354),(1373,'56-98',7,130,182,'2021-09-02 14:12:50','2021-09-02 14:12:50',354),(1374,'52-80',26,160,224,'2021-09-02 14:12:50','2021-09-02 14:12:50',355),(1375,'48-74',45,160,224,'2021-09-02 14:12:50','2021-09-02 14:12:50',355),(1376,'56-86',7,160,224,'2021-09-02 14:12:50','2021-09-02 14:12:50',355),(1377,'60-92',16,160,224,'2021-09-02 14:12:50','2021-09-02 14:12:50',355),(1378,'56-98,104',14,105,147,'2021-09-02 14:12:50','2021-09-02 14:12:50',356),(1379,'64-122,128',7,105,147,'2021-09-02 14:12:50','2021-09-02 14:12:50',356),(1380,'52-86,92',25,105,147,'2021-09-02 14:12:50','2021-09-02 14:12:50',356),(1381,'60-110,116',13,105,147,'2021-09-02 14:12:50','2021-09-02 14:12:50',356),(1382,'52-80',48,95,133,'2021-09-02 14:12:50','2021-09-02 14:12:50',357),(1383,'44-68',50,95,133,'2021-09-02 14:12:50','2021-09-02 14:12:50',357),(1384,'48-74',49,95,133,'2021-09-02 14:12:50','2021-09-02 14:12:50',357),(1385,'40-62',10,90,126,'2021-09-02 14:12:51','2021-09-02 14:12:51',358),(1386,'52-80',7,90,126,'2021-09-02 14:12:51','2021-09-02 14:12:51',358),(1387,'48-74',2,90,126,'2021-09-02 14:12:51','2021-09-02 14:12:51',358),(1388,'44-68',2,90,126,'2021-09-02 14:12:51','2021-09-02 14:12:51',358),(1389,'44-68',8,115,161,'2021-09-02 14:12:51','2021-09-02 14:12:51',359),(1390,'48-74',7,115,161,'2021-09-02 14:12:51','2021-09-02 14:12:51',359),(1391,'52-80',4,115,161,'2021-09-02 14:12:51','2021-09-02 14:12:51',359),(1392,'40-62',9,115,161,'2021-09-02 14:12:51','2021-09-02 14:12:51',359),(1393,'48',78,70,98,'2021-09-02 14:12:51','2021-09-02 14:12:51',360),(1394,'44',80,70,98,'2021-09-02 14:12:51','2021-09-02 14:12:51',360),(1395,'52',84,70,98,'2021-09-02 14:12:51','2021-09-02 14:12:51',360),(1396,'56-98',5,180,252,'2021-09-02 14:12:51','2021-09-02 14:12:51',361),(1397,'52-92',7,180,252,'2021-09-02 14:12:51','2021-09-02 14:12:51',361),(1398,'48-86',9,180,252,'2021-09-02 14:12:51','2021-09-02 14:12:51',361),(1399,'48-80',9,180,252,'2021-09-02 14:12:51','2021-09-02 14:12:51',361),(1400,'64-122,128',8,310,434,'2021-09-02 14:12:51','2021-09-02 14:12:51',362),(1401,'56-98,104',18,310,434,'2021-09-02 14:12:51','2021-09-02 14:12:51',362),(1402,'60-110,116',10,310,434,'2021-09-02 14:12:51','2021-09-02 14:12:51',362),(1403,'68-134',10,310,434,'2021-09-02 14:12:51','2021-09-02 14:12:51',362),(1404,'52-86',NULL,230,322,'2021-09-02 14:12:51','2021-09-02 14:12:51',363),(1405,'48-80',8,230,322,'2021-09-02 14:12:51','2021-09-02 14:12:51',363),(1406,'56-98',NULL,230,322,'2021-09-02 14:12:51','2021-09-02 14:12:51',363),(1407,'56-92',NULL,230,322,'2021-09-02 14:12:51','2021-09-02 14:12:51',363),(1408,'56-86',NULL,260,364,'2021-09-02 14:12:51','2021-09-02 14:12:51',364),(1409,'52-80',19,260,364,'2021-09-02 14:12:51','2021-09-02 14:12:51',364),(1410,'48-74',22,260,364,'2021-09-02 14:12:51','2021-09-02 14:12:51',364),(1411,'60-92',7,260,364,'2021-09-02 14:12:51','2021-09-02 14:12:51',364),(1412,'40-62',65,320,448,'2021-09-02 14:12:51','2021-09-02 14:12:51',365),(1413,'44-68',39,320,448,'2021-09-02 14:12:51','2021-09-02 14:12:51',365),(1414,'52-80',29,320,448,'2021-09-02 14:12:51','2021-09-02 14:12:51',365),(1415,'48-74',31,320,448,'2021-09-02 14:12:51','2021-09-02 14:12:51',365);
/*!40000 ALTER TABLE `DimensionProducts` ENABLE KEYS */;
UNLOCK TABLES;

--
-- Table structure for table `RolePermissions`
--

DROP TABLE IF EXISTS `RolePermissions`;
/*!40101 SET @saved_cs_client     = @@character_set_client */;
/*!50503 SET character_set_client = utf8mb4 */;
CREATE TABLE `RolePermissions` (
  `id` int NOT NULL AUTO_INCREMENT,
  `createdAt` datetime NOT NULL,
  `updatedAt` datetime NOT NULL,
  `permissionId` int DEFAULT NULL,
  `roleId` int DEFAULT NULL,
  PRIMARY KEY (`id`),
  UNIQUE KEY `RolePermissions_roleId_permissionId_unique` (`permissionId`,`roleId`),
  KEY `roleId` (`roleId`),
  CONSTRAINT `RolePermissions_ibfk_1` FOREIGN KEY (`permissionId`) REFERENCES `permissions` (`id`) ON DELETE CASCADE ON UPDATE CASCADE,
  CONSTRAINT `RolePermissions_ibfk_2` FOREIGN KEY (`roleId`) REFERENCES `roles` (`id`) ON DELETE CASCADE ON UPDATE CASCADE
) ENGINE=InnoDB AUTO_INCREMENT=3 DEFAULT CHARSET=utf8mb4 COLLATE=utf8mb4_bin;
/*!40101 SET character_set_client = @saved_cs_client */;

--
-- Dumping data for table `RolePermissions`
--

LOCK TABLES `RolePermissions` WRITE;
/*!40000 ALTER TABLE `RolePermissions` DISABLE KEYS */;
INSERT INTO `RolePermissions` VALUES (1,'2021-08-20 12:55:24','2021-08-20 12:55:24',1,1),(2,'2021-08-20 12:55:33','2021-08-20 12:55:33',2,2);
/*!40000 ALTER TABLE `RolePermissions` ENABLE KEYS */;
UNLOCK TABLES;

--
-- Table structure for table `RoleUsers`
--

DROP TABLE IF EXISTS `RoleUsers`;
/*!40101 SET @saved_cs_client     = @@character_set_client */;
/*!50503 SET character_set_client = utf8mb4 */;
CREATE TABLE `RoleUsers` (
  `id` int NOT NULL AUTO_INCREMENT,
  `createdAt` datetime NOT NULL,
  `updatedAt` datetime NOT NULL,
  `roleId` int DEFAULT NULL,
  `userId` int DEFAULT NULL,
  PRIMARY KEY (`id`),
  UNIQUE KEY `RoleUsers_userId_roleId_unique` (`roleId`,`userId`),
  KEY `userId` (`userId`),
  CONSTRAINT `RoleUsers_ibfk_1` FOREIGN KEY (`roleId`) REFERENCES `roles` (`id`) ON DELETE CASCADE ON UPDATE CASCADE,
  CONSTRAINT `RoleUsers_ibfk_2` FOREIGN KEY (`userId`) REFERENCES `users` (`id`) ON DELETE CASCADE ON UPDATE CASCADE
) ENGINE=InnoDB AUTO_INCREMENT=19 DEFAULT CHARSET=utf8mb4 COLLATE=utf8mb4_bin;
/*!40101 SET character_set_client = @saved_cs_client */;

--
-- Dumping data for table `RoleUsers`
--

LOCK TABLES `RoleUsers` WRITE;
/*!40000 ALTER TABLE `RoleUsers` DISABLE KEYS */;
INSERT INTO `RoleUsers` VALUES (6,'2021-08-23 09:28:52','2021-08-23 09:28:52',1,5),(7,'2021-08-23 09:28:52','2021-08-23 09:28:52',2,5),(15,'2021-08-27 10:40:07','2021-08-27 10:40:07',1,6),(16,'2021-08-27 10:40:07','2021-08-27 10:40:07',2,6);
/*!40000 ALTER TABLE `RoleUsers` ENABLE KEYS */;
UNLOCK TABLES;

--
-- Table structure for table `_orders`
--

DROP TABLE IF EXISTS `_orders`;
/*!40101 SET @saved_cs_client     = @@character_set_client */;
/*!50503 SET character_set_client = utf8mb4 */;
CREATE TABLE `_orders` (
  `id` int NOT NULL AUTO_INCREMENT,
  `number` varchar(255) COLLATE utf8mb4_bin NOT NULL,
  `address` varchar(255) COLLATE utf8mb4_bin NOT NULL,
  `status` int NOT NULL DEFAULT '1',
  `createdAt` datetime NOT NULL,
  `updatedAt` datetime NOT NULL,
  `DimensionProductId` int DEFAULT NULL,
  `userId` int DEFAULT NULL,
  PRIMARY KEY (`id`),
  KEY `userId` (`userId`),
  CONSTRAINT `_orders_ibfk_2` FOREIGN KEY (`userId`) REFERENCES `users` (`id`) ON DELETE SET NULL ON UPDATE CASCADE
) ENGINE=InnoDB AUTO_INCREMENT=19 DEFAULT CHARSET=utf8mb4 COLLATE=utf8mb4_bin;
/*!40101 SET character_set_client = @saved_cs_client */;

--
-- Dumping data for table `_orders`
--

LOCK TABLES `_orders` WRITE;
/*!40000 ALTER TABLE `_orders` DISABLE KEYS */;
INSERT INTO `_orders` VALUES (1,'0713616781','address',3,'2021-08-25 09:01:03','2021-08-25 09:01:53',12,6),(2,'0713616781','.   ',2,'2021-08-25 09:01:10','2021-08-25 09:01:46',213,6),(3,'1222111222','.   2',3,'2021-08-25 09:01:18','2021-09-06 08:38:22',111,6),(4,'6666666666666','.  ',2,'2021-08-25 09:01:29','2021-09-06 08:40:55',555,6),(5,'0713616782','. ',1,'2021-08-25 09:01:40','2021-09-06 08:37:33',666,6),(9,'0713616781','.   ',1,'2021-09-02 11:58:33','2021-09-02 11:58:33',218,6),(17,'0713616781','address',1,'2021-09-08 07:50:46','2021-09-08 07:50:46',205,6),(18,'0713616781','address',2,'2021-09-13 14:07:46','2021-09-13 14:08:03',4,6);
/*!40000 ALTER TABLE `_orders` ENABLE KEYS */;
UNLOCK TABLES;

--
-- Table structure for table `categories`
--

DROP TABLE IF EXISTS `categories`;
/*!40101 SET @saved_cs_client     = @@character_set_client */;
/*!50503 SET character_set_client = utf8mb4 */;
CREATE TABLE `categories` (
  `id` int NOT NULL AUTO_INCREMENT,
  `title` varchar(255) COLLATE utf8mb4_bin NOT NULL,
  `createdAt` datetime NOT NULL,
  `updatedAt` datetime NOT NULL,
  PRIMARY KEY (`id`),
  UNIQUE KEY `title` (`title`)
) ENGINE=InnoDB AUTO_INCREMENT=40 DEFAULT CHARSET=utf8mb4 COLLATE=utf8mb4_bin;
/*!40101 SET character_set_client = @saved_cs_client */;

--
-- Dumping data for table `categories`
--

LOCK TABLES `categories` WRITE;
/*!40000 ALTER TABLE `categories` DISABLE KEYS */;
INSERT INTO `categories` VALUES (1,'','2021-08-20 12:56:41','2021-08-20 12:56:41'),(2,'/','2021-08-20 12:58:38','2021-08-20 12:58:38'),(3,'','2021-08-20 12:58:38','2021-08-20 12:58:38'),(4,'','2021-08-20 12:58:38','2021-08-20 12:58:38'),(5,'','2021-08-20 12:58:39','2021-08-20 12:58:39'),(6,'+','2021-08-20 12:58:39','2021-08-20 12:58:39'),(7,'','2021-08-20 12:58:39','2021-08-20 12:58:39'),(8,'','2021-08-20 12:58:39','2021-08-20 12:58:39'),(9,'','2021-08-20 12:58:40','2021-08-20 12:58:40'),(10,'','2021-08-20 12:58:40','2021-08-20 12:58:40'),(11,'','2021-08-20 12:58:41','2021-08-20 12:58:41'),(12,'','2021-08-20 12:58:41','2021-08-20 12:58:41'),(13,'','2021-08-20 12:58:41','2021-08-20 12:58:41'),(14,'','2021-08-20 12:58:41','2021-08-20 12:58:41'),(15,'','2021-08-20 12:58:41','2021-08-20 12:58:41'),(16,'','2021-08-20 12:58:41','2021-08-20 12:58:41'),(17,'','2021-08-20 12:58:42','2021-08-20 12:58:42'),(18,'','2021-08-20 12:58:42','2021-08-20 12:58:42'),(19,'','2021-08-20 12:58:42','2021-08-20 12:58:42'),(20,'','2021-08-20 12:58:43','2021-08-20 12:58:43'),(21,'','2021-08-20 12:58:43','2021-08-20 12:58:43'),(22,'','2021-08-20 12:58:43','2021-08-20 12:58:43'),(23,'+','2021-08-20 12:58:43','2021-08-20 12:58:43'),(24,'','2021-08-20 12:58:43','2021-08-20 12:58:43'),(25,'','2021-08-20 12:58:43','2021-08-20 12:58:43'),(26,'','2021-08-20 12:58:43','2021-08-20 12:58:43'),(27,'','2021-08-20 12:58:43','2021-08-20 12:58:43'),(28,'','2021-08-20 12:58:43','2021-08-20 12:58:43'),(29,'','2021-08-20 12:58:43','2021-08-20 12:58:43'),(30,'','2021-08-20 12:58:43','2021-08-20 12:58:43'),(31,'','2021-08-20 12:58:44','2021-08-20 12:58:44'),(32,'','2021-08-20 12:58:46','2021-08-20 12:58:46'),(33,'+','2021-08-20 12:58:46','2021-08-20 12:58:46'),(34,' ','2021-08-20 12:58:47','2021-08-20 12:58:47'),(35,'','2021-08-20 12:58:47','2021-08-20 12:58:47'),(36,'','2021-08-20 12:58:48','2021-08-20 12:58:48'),(37,'+','2021-08-20 12:58:49','2021-08-20 12:58:49'),(38,'  ','2021-08-20 12:58:49','2021-08-20 12:58:49'),(39,'','2021-08-20 12:58:49','2021-08-20 12:58:49');
/*!40000 ALTER TABLE `categories` ENABLE KEYS */;
UNLOCK TABLES;

--
-- Table structure for table `models`
--

DROP TABLE IF EXISTS `models`;
/*!40101 SET @saved_cs_client     = @@character_set_client */;
/*!50503 SET character_set_client = utf8mb4 */;
CREATE TABLE `models` (
  `id` int NOT NULL AUTO_INCREMENT,
  `createdAt` datetime NOT NULL,
  `updatedAt` datetime NOT NULL,
  PRIMARY KEY (`id`)
) ENGINE=InnoDB DEFAULT CHARSET=utf8mb4 COLLATE=utf8mb4_bin;
/*!40101 SET character_set_client = @saved_cs_client */;

--
-- Dumping data for table `models`
--

LOCK TABLES `models` WRITE;
/*!40000 ALTER TABLE `models` DISABLE KEYS */;
/*!40000 ALTER TABLE `models` ENABLE KEYS */;
UNLOCK TABLES;

--
-- Table structure for table `permissions`
--

DROP TABLE IF EXISTS `permissions`;
/*!40101 SET @saved_cs_client     = @@character_set_client */;
/*!50503 SET character_set_client = utf8mb4 */;
CREATE TABLE `permissions` (
  `id` int NOT NULL AUTO_INCREMENT,
  `permission` varchar(255) COLLATE utf8mb4_bin NOT NULL,
  `createdAt` datetime NOT NULL,
  `updatedAt` datetime NOT NULL,
  PRIMARY KEY (`id`),
  UNIQUE KEY `permission` (`permission`)
) ENGINE=InnoDB AUTO_INCREMENT=3 DEFAULT CHARSET=utf8mb4 COLLATE=utf8mb4_bin;
/*!40101 SET character_set_client = @saved_cs_client */;

--
-- Dumping data for table `permissions`
--

LOCK TABLES `permissions` WRITE;
/*!40000 ALTER TABLE `permissions` DISABLE KEYS */;
INSERT INTO `permissions` VALUES (1,'GIVE','2021-08-20 12:54:51','2021-08-20 12:54:51'),(2,'Standart','2021-08-20 12:55:13','2021-08-20 12:55:13');
/*!40000 ALTER TABLE `permissions` ENABLE KEYS */;
UNLOCK TABLES;

--
-- Table structure for table `products`
--

DROP TABLE IF EXISTS `products`;
/*!40101 SET @saved_cs_client     = @@character_set_client */;
/*!50503 SET character_set_client = utf8mb4 */;
CREATE TABLE `products` (
  `id` int NOT NULL AUTO_INCREMENT,
  `title` varchar(255) COLLATE utf8mb4_bin NOT NULL,
  `article` varchar(255) COLLATE utf8mb4_bin DEFAULT NULL,
  `image` varchar(255) COLLATE utf8mb4_bin NOT NULL,
  `createdAt` datetime NOT NULL,
  `updatedAt` datetime NOT NULL,
  `categoryId` int DEFAULT NULL,
  PRIMARY KEY (`id`),
  KEY `categoryId` (`categoryId`),
  CONSTRAINT `products_ibfk_1` FOREIGN KEY (`categoryId`) REFERENCES `categories` (`id`) ON DELETE SET NULL ON UPDATE CASCADE
) ENGINE=InnoDB AUTO_INCREMENT=366 DEFAULT CHARSET=utf8mb4 COLLATE=utf8mb4_bin;
/*!40101 SET character_set_client = @saved_cs_client */;

--
-- Dumping data for table `products`
--

LOCK TABLES `products` WRITE;
/*!40000 ALTER TABLE `products` DISABLE KEYS */;
INSERT INTO `products` VALUES (1,' - 009212','9212','image2.png','2021-09-02 14:12:41','2021-09-02 14:12:41',1),(2,' -  895325','895325','image3.png','2021-09-02 14:12:41','2021-09-02 14:12:41',1),(3,' - 891325','891325','image4.png','2021-09-02 14:12:41','2021-09-02 14:12:41',1),(4,' - 894325','894325','image5.png','2021-09-02 14:12:41','2021-09-02 14:12:41',1),(5,' .- 013320','13320','image6.png','2021-09-02 14:12:41','2021-09-02 14:12:41',2),(6,' - 021320','21320','image7.png','2021-09-02 14:12:41','2021-09-02 14:12:41',2),(7,'- 024320','24320','image8.png','2021-09-02 14:12:41','2021-09-02 14:12:41',2),(8,' -  040320','40320','image9.png','2021-09-02 14:12:41','2021-09-02 14:12:41',2),(9,' - 115320','115320','image10.png','2021-09-02 14:12:41','2021-09-02 14:12:41',2),(10,' - 470320','470320','image11.png','2021-09-02 14:12:41','2021-09-02 14:12:41',2),(11,' - 511320','511320','image12.png','2021-09-02 14:12:41','2021-09-02 14:12:41',2),(12,' - 580320','580320','image13.png','2021-09-02 14:12:41','2021-09-02 14:12:41',2),(13,'  - 029320','29320','image14.png','2021-09-02 14:12:41','2021-09-02 14:12:41',3),(14,' -  045320','45320','image15.png','2021-09-02 14:12:41','2021-09-02 14:12:41',3),(15,' -() 602320','602320','image16.png','2021-09-02 14:12:41','2021-09-02 14:12:41',3),(16,' - 011320','11320','image17.png','2021-09-02 14:12:41','2021-09-02 14:12:41',4),(17,' -  039320','39320','image18.png','2021-09-02 14:12:41','2021-09-02 14:12:41',4),(18,' - 512320','512320','image19.png','2021-09-02 14:12:41','2021-09-02 14:12:41',4),(19,'  - 581320','581320','image20.png','2021-09-02 14:12:41','2021-09-02 14:12:41',4),(20,' .- 113320','113320','image21.png','2021-09-02 14:12:42','2021-09-02 14:12:42',4),(21,' .- 333320','333320','image22.png','2021-09-02 14:12:42','2021-09-02 14:12:42',4),(22,' .- () 600320','600320','image23.png','2021-09-02 14:12:42','2021-09-02 14:12:42',5),(23,' .- () 410320','410320','image24.png','2021-09-02 14:12:42','2021-09-02 14:12:42',5),(24,' - - 989117','989117','image26.png','2021-09-02 14:12:42','2021-09-02 14:12:42',6),(25,' - 231212','231212','image27.png','2021-09-02 14:12:42','2021-09-02 14:12:42',6),(26,' -  006212','6212','image28.png','2021-09-02 14:12:42','2021-09-02 14:12:42',6),(27,' -  790212','790212','image29.png','2021-09-02 14:12:42','2021-09-02 14:12:42',6),(28,' -  022212','22212','image30.png','2021-09-02 14:12:42','2021-09-02 14:12:42',6),(29,' -  003212','3212','image31.png','2021-09-02 14:12:42','2021-09-02 14:12:42',6),(30,' -  233223','233223','image32.png','2021-09-02 14:12:42','2021-09-02 14:12:42',6),(31,'  - 1301200','1301200','image33.png','2021-09-02 14:12:42','2021-09-02 14:12:42',6),(32,'-  1301333','1301333','image34.png','2021-09-02 14:12:42','2021-09-02 14:12:42',7),(33,'  - 1301203','1301203','image35.png','2021-09-02 14:12:42','2021-09-02 14:12:42',7),(34,'  -- 130117','130117','image36.png','2021-09-02 14:12:42','2021-09-02 14:12:42',7),(35,' - 777212','777212','image37.png','2021-09-02 14:12:42','2021-09-02 14:12:42',8),(36,'  - 006222','6222','image38.png','2021-09-02 14:12:42','2021-09-02 14:12:42',8),(37,'  - 006320','6320','image39.png','2021-09-02 14:12:42','2021-09-02 14:12:42',8),(38,' -- 5821030','5821030','image40.png','2021-09-02 14:12:42','2021-09-02 14:12:42',8),(39,'  -- 1051030','1051030','image41.png','2021-09-02 14:12:42','2021-09-02 14:12:42',8),(40,' -- 106117','106117','image42.png','2021-09-02 14:12:42','2021-09-02 14:12:42',8),(41,' -. 105118','105118','image43.png','2021-09-02 14:12:42','2021-09-02 14:12:42',8),(42,' - - 805117','805117','image44.png','2021-09-02 14:12:42','2021-09-02 14:12:42',8),(43,' .- 114212','114212','image45.png','2021-09-02 14:12:42','2021-09-02 14:12:42',8),(44,' -. 105117','105117','image46.png','2021-09-02 14:12:42','2021-09-02 14:12:42',8),(45,' -  582212','582212','image47.png','2021-09-02 14:12:42','2021-09-02 14:12:42',9),(46,' - 010212','10212','image48.png','2021-09-02 14:12:43','2021-09-02 14:12:43',9),(47,' -  019223','19223','image49.png','2021-09-02 14:12:43','2021-09-02 14:12:43',9),(48,' -  018223','18223','image50.png','2021-09-02 14:12:43','2021-09-02 14:12:43',9),(49,' -  525223','525223','image51.png','2021-09-02 14:12:43','2021-09-02 14:12:43',9),(50,' -  001212','1212','image52.png','2021-09-02 14:12:43','2021-09-02 14:12:43',9),(51,' - . 105116','105116','image53.png','2021-09-02 14:12:43','2021-09-02 14:12:43',9),(52,'- 744222','744222','image54.png','2021-09-02 14:12:43','2021-09-02 14:12:43',9),(53,' - 231222','231222','image55.png','2021-09-02 14:12:43','2021-09-02 14:12:43',9),(54,' .- 923222','923222','image56.png','2021-09-02 14:12:43','2021-09-02 14:12:43',9),(55,' .-  012222','12222','image57.png','2021-09-02 14:12:43','2021-09-02 14:12:43',9),(56,' -  011222','11222','image58.png','2021-09-02 14:12:43','2021-09-02 14:12:43',9),(57,'  -  579212','579212','image59.png','2021-09-02 14:12:43','2021-09-02 14:12:43',9),(58,' -  582222','582222','image60.png','2021-09-02 14:12:43','2021-09-02 14:12:43',9),(59,' .- 581212','581212','image61.png','2021-09-02 14:12:43','2021-09-02 14:12:43',9),(60,' - 234223','234223','image62.png','2021-09-02 14:12:43','2021-09-02 14:12:43',9),(61,' - 525212','525212','image63.png','2021-09-02 14:12:43','2021-09-02 14:12:43',9),(62,' - 744212','722212','image64.png','2021-09-02 14:12:43','2021-09-02 14:12:43',9),(63,'- 469509','469509','image65.png','2021-09-02 14:12:43','2021-09-02 14:12:43',10),(64,'-, 132509','132509','image66.png','2021-09-02 14:12:43','2021-09-02 14:12:43',10),(65,' .- 410509','410509','image67.png','2021-09-02 14:12:43','2021-09-02 14:12:43',5),(66,' .- 405509','405509','image68.png','2021-09-02 14:12:43','2021-09-02 14:12:43',5),(67,' -,, 875825','875825','image69.png','2021-09-02 14:12:43','2021-09-02 14:12:43',3),(68,' .- 592509','592509','image70.png','2021-09-02 14:12:43','2021-09-02 14:12:43',3),(69,' .- 468509','468509','image71.png','2021-09-02 14:12:43','2021-09-02 14:12:43',3),(70,' - 322509','322509','image72.png','2021-09-02 14:12:43','2021-09-02 14:12:43',4),(71,' .- 522509','522509','image73.png','2021-09-02 14:12:43','2021-09-02 14:12:43',4),(72,' - 662509','662509','image74.png','2021-09-02 14:12:43','2021-09-02 14:12:43',11),(73,' .- 551509','551509','image75.png','2021-09-02 14:12:43','2021-09-02 14:12:43',11),(74,' .- 523509','523509','image76.png','2021-09-02 14:12:43','2021-09-02 14:12:43',11),(75,' -  038320','38320','image77.png','2021-09-02 14:12:43','2021-09-02 14:12:43',12),(76,'- 047320','47320','image78.png','2021-09-02 14:12:43','2021-09-02 14:12:43',12),(77,' .- 160320','160320','image79.png','2021-09-02 14:12:43','2021-09-02 14:12:43',12),(78,' - 242320','242320','image80.png','2021-09-02 14:12:43','2021-09-02 14:12:43',12),(79,'   - 933322','933322','image81.png','2021-09-02 14:12:43','2021-09-02 14:12:43',12),(80,'- 305110','305110','image82.png','2021-09-02 14:12:44','2021-09-02 14:12:44',13),(81,' - 777102','777102','image83.png','2021-09-02 14:12:44','2021-09-02 14:12:44',13),(82,' - 4081200','4081200','image84.png','2021-09-02 14:12:44','2021-09-02 14:12:44',13),(83,' - 4081203','4081203','image85.png','2021-09-02 14:12:44','2021-09-02 14:12:44',13),(84,' -862801','862801','image86.png','2021-09-02 14:12:44','2021-09-02 14:12:44',3),(85,' .- 501801','501801','image87.png','2021-09-02 14:12:44','2021-09-02 14:12:44',3),(86,'  501800','501800','image88.png','2021-09-02 14:12:44','2021-09-02 14:12:44',3),(87,' - 333801','333801','image89.png','2021-09-02 14:12:44','2021-09-02 14:12:44',4),(88,' - 115800','115800','image90.png','2021-09-02 14:12:44','2021-09-02 14:12:44',11),(89,' - 155800','155800','image91.png','2021-09-02 14:12:44','2021-09-02 14:12:44',1),(90,' - 339800','339800','image92.png','2021-09-02 14:12:44','2021-09-02 14:12:44',1),(91,' -- 007117','7117','image93.png','2021-09-02 14:12:44','2021-09-02 14:12:44',16),(92,'  - 9251020','9251020','image94.png','2021-09-02 14:12:44','2021-09-02 14:12:44',16),(93,'   - 9251006','9251006','image95.png','2021-09-02 14:12:44','2021-09-02 14:12:44',16),(94,' - 2111006','2111006','image96.png','2021-09-02 14:12:44','2021-09-02 14:12:44',16),(95,' -  2021001','2021001','image97.png','2021-09-02 14:12:44','2021-09-02 14:12:44',16),(96,'- 2111002','2111002','image98.png','2021-09-02 14:12:44','2021-09-02 14:12:44',16),(97,' - 2021002','2021002','image99.png','2021-09-02 14:12:44','2021-09-02 14:12:44',16),(98,' - 816212','816212','image100.png','2021-09-02 14:12:44','2021-09-02 14:12:44',17),(99,'- 817322','817322','image101.png','2021-09-02 14:12:44','2021-09-02 14:12:44',17),(100,' - - 673117','673117','image102.png','2021-09-02 14:12:44','2021-09-02 14:12:44',17),(101,' - - 118117','118117','image103.png','2021-09-02 14:12:44','2021-09-02 14:12:44',17),(102,'- , 077222','77222','image104.png','2021-09-02 14:12:44','2021-09-02 14:12:44',17),(103,' - , 076222','76222','image105.png','2021-09-02 14:12:44','2021-09-02 14:12:44',17),(104,'  -  321905','321905','image106.png','2021-09-02 14:12:44','2021-09-02 14:12:44',17),(105,' - 816223','816223','image107.png','2021-09-02 14:12:44','2021-09-02 14:12:44',17),(106,' -  228322','228322','image108.png','2021-09-02 14:12:44','2021-09-02 14:12:44',17),(107,' - 817222','817222','image109.png','2021-09-02 14:12:44','2021-09-02 14:12:44',17),(108,'  - 1041002','1041002','image110.png','2021-09-02 14:12:44','2021-09-02 14:12:44',17),(109,' - 6011006','6011006','image111.png','2021-09-02 14:12:44','2021-09-02 14:12:44',17),(110,' -   208230','208230','image112.png','2021-09-02 14:12:45','2021-09-02 14:12:45',18),(111,' - 3321006','3321006','image113.png','2021-09-02 14:12:45','2021-09-02 14:12:45',18),(112,'  -  2091006','2091006','image114.png','2021-09-02 14:12:45','2021-09-02 14:12:45',18),(113,' -  2081002','2081002','image115.png','2021-09-02 14:12:45','2021-09-02 14:12:45',18),(114,'- 3331002','3331002','image116.png','2021-09-02 14:12:45','2021-09-02 14:12:45',18),(115,' / - 3321002','3321002','image117.png','2021-09-02 14:12:45','2021-09-02 14:12:45',18),(116,'  -  2091001','2091001','image118.png','2021-09-02 14:12:45','2021-09-02 14:12:45',18),(117,' - 3001005','3001005','image119.png','2021-09-02 14:12:45','2021-09-02 14:12:45',19),(118,' - 300101','300101','image120.png','2021-09-02 14:12:45','2021-09-02 14:12:45',19),(119,' - 3001001','3001001','image121.png','2021-09-02 14:12:45','2021-09-02 14:12:45',19),(120,' -  300102','300102','image122.png','2021-09-02 14:12:45','2021-09-02 14:12:45',19),(121,'  - ,  100001','100001','image123.png','2021-09-02 14:12:45','2021-09-02 14:12:45',21),(122,'  - ,  200001','200001','image124.png','2021-09-02 14:12:45','2021-09-02 14:12:45',21),(123,'  -102108 .110*90','102108','image125.png','2021-09-02 14:12:45','2021-09-02 14:12:45',21),(124,' .- 4601020','4601020','image126.png','2021-09-02 14:12:45','2021-09-02 14:12:45',23),(125,' .- 1361020','1361020','image127.png','2021-09-02 14:12:45','2021-09-02 14:12:45',23),(126,' .- 4601002','4601002','image128.png','2021-09-02 14:12:45','2021-09-02 14:12:45',23),(127,' .- 6211006','6211006','image129.png','2021-09-02 14:12:45','2021-09-02 14:12:45',24),(128,' .- 4951006','4951006','image130.png','2021-09-02 14:12:45','2021-09-02 14:12:45',24),(129,' .- 5281020','5281020','image131.png','2021-09-02 14:12:45','2021-09-02 14:12:45',24),(130,'- 1351200','1351200','image132.png','2021-09-02 14:12:45','2021-09-02 14:12:45',24),(131,'- 4951001','4951001','image133.png','2021-09-02 14:12:45','2021-09-02 14:12:45',24),(132,' - 3851203','3851203','image134.png','2021-09-02 14:12:45','2021-09-02 14:12:45',24),(133,' .- 6201020','6201020','image135.png','2021-09-02 14:12:45','2021-09-02 14:12:45',25),(134,' .- 6881020','6881020','image136.png','2021-09-02 14:12:45','2021-09-02 14:12:45',26),(135,' .- 6991020','6991020','image137.png','2021-09-02 14:12:45','2021-09-02 14:12:45',1),(136,' -  6991001','6991001','image138.png','2021-09-02 14:12:45','2021-09-02 14:12:45',1),(137,'- 9261001','9261001','image139.png','2021-09-02 14:12:45','2021-09-02 14:12:45',1),(138,' -  5321020','5321020','image140.png','2021-09-02 14:12:45','2021-09-02 14:12:45',3),(139,' .- 5291020','5291020','image141.png','2021-09-02 14:12:45','2021-09-02 14:12:45',3),(140,' .- 5301020','5301020','image142.png','2021-09-02 14:12:45','2021-09-02 14:12:45',3),(141,' .- 4471020','4471020','image143.png','2021-09-02 14:12:45','2021-09-02 14:12:45',27),(142,' .- 5491020','5491020','image144.png','2021-09-02 14:12:45','2021-09-02 14:12:45',28),(143,' -  036108','36108','image145.png','2021-09-02 14:12:45','2021-09-02 14:12:45',3),(144,' .- 647169','647169','image146.png','2021-09-02 14:12:45','2021-09-02 14:12:45',3),(145,'- 060108','60108','image147.png','2021-09-02 14:12:45','2021-09-02 14:12:45',3),(146,' - 647108','647108','image148.png','2021-09-02 14:12:45','2021-09-02 14:12:45',3),(147,' .- 311108','311108','image149.png','2021-09-02 14:12:45','2021-09-02 14:12:45',3),(148,' .- 809108','809108','image150.png','2021-09-02 14:12:45','2021-09-02 14:12:45',3),(149,' . - 802108','802108','image151.png','2021-09-02 14:12:46','2021-09-02 14:12:46',3),(150,' - 136169','136169','image152.png','2021-09-02 14:12:46','2021-09-02 14:12:46',30),(151,'- 405108','405108','image153.png','2021-09-02 14:12:46','2021-09-02 14:12:46',30),(152,' - 398108','398108','image154.png','2021-09-02 14:12:46','2021-09-02 14:12:46',30),(153,' .- 136110','136110','image155.png','2021-09-02 14:12:46','2021-09-02 14:12:46',30),(154,' .- 107108','107108','image156.png','2021-09-02 14:12:46','2021-09-02 14:12:46',25),(155,'. .- 100108','100108','image157.png','2021-09-02 14:12:46','2021-09-02 14:12:46',25),(156,' -  054108','54108','image158.png','2021-09-02 14:12:46','2021-09-02 14:12:46',25),(157,' -  106108','106108','image159.png','2021-09-02 14:12:46','2021-09-02 14:12:46',25),(158,'  - 414108','414108','image160.png','2021-09-02 14:12:46','2021-09-02 14:12:46',26),(159,'  - 571108','571108','image161.png','2021-09-02 14:12:46','2021-09-02 14:12:46',26),(160,' -  383169','383169','image162.png','2021-09-02 14:12:46','2021-09-02 14:12:46',26),(161,' -  108108','108108','image163.png','2021-09-02 14:12:46','2021-09-02 14:12:46',26),(162,' - 480108','480108','image164.png','2021-09-02 14:12:46','2021-09-02 14:12:46',27),(163,'  -  211169','211169','image165.png','2021-09-02 14:12:46','2021-09-02 14:12:46',27),(164,' -  119108','119108','image166.png','2021-09-02 14:12:46','2021-09-02 14:12:46',1),(165,' .- 213108','213108','image167.png','2021-09-02 14:12:46','2021-09-02 14:12:46',1),(166,'-  686222','686222','image168.png','2021-09-02 14:12:46','2021-09-02 14:12:46',9),(167,' .- 136222','136222','image169.png','2021-09-02 14:12:46','2021-09-02 14:12:46',30),(168,'  -  398212','398212','image170.png','2021-09-02 14:12:46','2021-09-02 14:12:46',30),(169,' -  398222','398222','image171.png','2021-09-02 14:12:46','2021-09-02 14:12:46',30),(170,' .- 453212','453212','image172.png','2021-09-02 14:12:46','2021-09-02 14:12:46',31),(171,' - 462212','462212','image173.png','2021-09-02 14:12:46','2021-09-02 14:12:46',31),(172,' - 670212','670212','image174.png','2021-09-02 14:12:46','2021-09-02 14:12:46',31),(173,' .- 445212','445212','image175.png','2021-09-02 14:12:46','2021-09-02 14:12:46',31),(174,' -  600222','600222','image176.png','2021-09-02 14:12:46','2021-09-02 14:12:46',31),(175,' - 462222','462222','image177.png','2021-09-02 14:12:46','2021-09-02 14:12:46',31),(176,' .- 410222','410222','image178.png','2021-09-02 14:12:46','2021-09-02 14:12:46',31),(177,' -  600212','600212','image179.png','2021-09-02 14:12:46','2021-09-02 14:12:46',31),(178,' .- 445222','445222','image180.png','2021-09-02 14:12:46','2021-09-02 14:12:46',31),(179,' 01 -  (100%)','1','image181.png','2021-09-02 14:12:46','2021-09-02 14:12:46',13),(180,'-  487212','487212','image182.png','2021-09-02 14:12:46','2021-09-02 14:12:46',13),(181,' ,   668212','668212','image183.png','2021-09-02 14:12:46','2021-09-02 14:12:46',13),(182,' -  481222','481222','image184.png','2021-09-02 14:12:46','2021-09-02 14:12:46',13),(183,' .- 122222','122222','image185.png','2021-09-02 14:12:46','2021-09-02 14:12:46',1),(184,' .- 810212','810212','image186.png','2021-09-02 14:12:46','2021-09-02 14:12:46',1),(185,' .- 606223','606223','image187.png','2021-09-02 14:12:46','2021-09-02 14:12:46',1),(186,'  -  579222','579222','image188.png','2021-09-02 14:12:46','2021-09-02 14:12:46',1),(187,' . - 603222','603222','image189.png','2021-09-02 14:12:46','2021-09-02 14:12:46',1),(188,' - 122212','122212','image190.png','2021-09-02 14:12:46','2021-09-02 14:12:46',1),(189,'- 741222','741222','image191.png','2021-09-02 14:12:46','2021-09-02 14:12:46',1),(190,'- 465222','465222','image192.png','2021-09-02 14:12:46','2021-09-02 14:12:46',1),(191,' .- 213222','213222','image193.png','2021-09-02 14:12:46','2021-09-02 14:12:46',1),(192,' .- 606222','606222','image194.png','2021-09-02 14:12:46','2021-09-02 14:12:46',1),(193,' .- 743212','743212','image195.png','2021-09-02 14:12:46','2021-09-02 14:12:46',1),(194,' .- 743222','743222','image196.png','2021-09-02 14:12:47','2021-09-02 14:12:47',1),(195,'- 355222','355222','image197.png','2021-09-02 14:12:47','2021-09-02 14:12:47',24),(196,' .- 133222','133222','image198.png','2021-09-02 14:12:47','2021-09-02 14:12:47',24),(197,'  -  662212','662212','image199.png','2021-09-02 14:12:47','2021-09-02 14:12:47',24),(198,' .- 105222','105222','image200.png','2021-09-02 14:12:47','2021-09-02 14:12:47',24),(199,' .- 105212','105212','image201.png','2021-09-02 14:12:47','2021-09-02 14:12:47',24),(200,' .- 102212','102212','image202.png','2021-09-02 14:12:47','2021-09-02 14:12:47',24),(201,' - 871212','871212','image203.png','2021-09-02 14:12:47','2021-09-02 14:12:47',24),(202,' .- 588222','588222','image204.png','2021-09-02 14:12:47','2021-09-02 14:12:47',24),(203,' .- 932212','932212','image205.png','2021-09-02 14:12:47','2021-09-02 14:12:47',3),(204,' .- 931212','931212','image206.png','2021-09-02 14:12:47','2021-09-02 14:12:47',3),(205,'- 520222','520222','image207.png','2021-09-02 14:12:47','2021-09-02 14:12:47',3),(206,' -  053222','53222','image208.png','2021-09-02 14:12:47','2021-09-02 14:12:47',3),(207,' .- 089222','89222','image209.png','2021-09-02 14:12:47','2021-09-02 14:12:47',3),(208,' .- 802212','802212','image210.png','2021-09-02 14:12:47','2021-09-02 14:12:47',3),(209,'  -   647212','647212','image211.png','2021-09-02 14:12:47','2021-09-02 14:12:47',3),(210,' -  932222','932222','image212.png','2021-09-02 14:12:47','2021-09-02 14:12:47',3),(211,' .- 113222','113222','image213.png','2021-09-02 14:12:47','2021-09-02 14:12:47',3),(212,' .- 311222','311222','image214.png','2021-09-02 14:12:47','2021-09-02 14:12:47',3),(213,' .- 931222','931222','image215.png','2021-09-02 14:12:47','2021-09-02 14:12:47',3),(214,' -  647222','647222','image216.png','2021-09-02 14:12:47','2021-09-02 14:12:47',3),(215,' .- 802222','802222','image217.png','2021-09-02 14:12:47','2021-09-02 14:12:47',3),(216,' . - 675222','675222','image218.png','2021-09-02 14:12:47','2021-09-02 14:12:47',3),(217,' - 669212','669212','image219.png','2021-09-02 14:12:47','2021-09-02 14:12:47',3),(218,' -  106222','106222','image220.png','2021-09-02 14:12:47','2021-09-02 14:12:47',25),(219,' - 103222','103222','image221.png','2021-09-02 14:12:47','2021-09-02 14:12:47',27),(220,' .- 505222','505222','image222.png','2021-09-02 14:12:47','2021-09-02 14:12:47',27),(221,' -  402222','402222','image223.png','2021-09-02 14:12:47','2021-09-02 14:12:47',27),(222,'- 574222','574222','image224.png','2021-09-02 14:12:47','2021-09-02 14:12:47',26),(223,' - 686212','686212','image225.png','2021-09-02 14:12:47','2021-09-02 14:12:47',26),(224,' - 680212','680212','image226.png','2021-09-02 14:12:47','2021-09-02 14:12:47',26),(225,' -  428212','428212','image227.png','2021-09-02 14:12:47','2021-09-02 14:12:47',26),(226,' - 428222','428222','image228.png','2021-09-02 14:12:47','2021-09-02 14:12:47',26),(227,' -  574212','574212','image229.png','2021-09-02 14:12:47','2021-09-02 14:12:47',26),(228,' -  414222','414222','image230.png','2021-09-02 14:12:47','2021-09-02 14:12:47',26),(229,'- 525222','525222','image231.png','2021-09-02 14:12:47','2021-09-02 14:12:47',28),(230,' .- 509212','509212','image232.png','2021-09-02 14:12:47','2021-09-02 14:12:47',28),(231,' .- 509222','509222','image233.png','2021-09-02 14:12:47','2021-09-02 14:12:47',28),(232,' - 375222','375222','image234.png','2021-09-02 14:12:47','2021-09-02 14:12:47',28),(233,' .- 136312','136312','image235.png','2021-09-02 14:12:47','2021-09-02 14:12:47',30),(234,'  -  398312','398312','image236.png','2021-09-02 14:12:47','2021-09-02 14:12:47',30),(235,'  -  398322','398322','image237.png','2021-09-02 14:12:47','2021-09-02 14:12:47',30),(236,'  -   600322','600322','image238.png','2021-09-02 14:12:48','2021-09-02 14:12:48',5),(237,' .- 107322','107322','image239.png','2021-09-02 14:12:48','2021-09-02 14:12:48',25),(238,' . - 107312','107312','image240.png','2021-09-02 14:12:48','2021-09-02 14:12:48',25),(239,' .- 219322','219322','image241.png','2021-09-02 14:12:48','2021-09-02 14:12:48',32),(240,' -  219312','219312','image242.png','2021-09-02 14:12:48','2021-09-02 14:12:48',32),(241,' .- 108312','108312','image243.png','2021-09-02 14:12:48','2021-09-02 14:12:48',26),(242,' .- 578312','578312','image244.png','2021-09-02 14:12:48','2021-09-02 14:12:48',26),(243,' .- 574312','574312','image245.png','2021-09-02 14:12:48','2021-09-02 14:12:48',26),(244,' .-  680312','680312','image246.png','2021-09-02 14:12:48','2021-09-02 14:12:48',26),(245,' - 574322','574322','image247.png','2021-09-02 14:12:48','2021-09-02 14:12:48',26),(246,' -  574331','574331','image248.png','2021-09-02 14:12:48','2021-09-02 14:12:48',26),(247,' - 578322','578322','image249.png','2021-09-02 14:12:48','2021-09-02 14:12:48',26),(248,' -  028320','28320','image250.png','2021-09-02 14:12:48','2021-09-02 14:12:48',28),(249,' - 375322','375322','image251.png','2021-09-02 14:12:48','2021-09-02 14:12:48',28),(250,' -  383322','383322','image252.png','2021-09-02 14:12:48','2021-09-02 14:12:48',28),(251,' - 213312','213312','image253.png','2021-09-02 14:12:48','2021-09-02 14:12:48',1),(252,' .- 810322','810322','image254.png','2021-09-02 14:12:48','2021-09-02 14:12:48',1),(253,' -  465322','465322','image255.png','2021-09-02 14:12:48','2021-09-02 14:12:48',1),(254,' .- 802312','802312','image256.png','2021-09-02 14:12:48','2021-09-02 14:12:48',3),(255,' -  977312','977312','image257.png','2021-09-02 14:12:48','2021-09-02 14:12:48',3),(256,' - 036322','36322','image258.png','2021-09-02 14:12:48','2021-09-02 14:12:48',3),(257,'  -  520320','520320','image259.png','2021-09-02 14:12:48','2021-09-02 14:12:48',3),(258,' .- 520322','520322','image260.png','2021-09-02 14:12:48','2021-09-02 14:12:48',3),(259,' .- 809322','809322','image261.png','2021-09-02 14:12:48','2021-09-02 14:12:48',3),(260,' .- 108322','108322','image262.png','2021-09-02 14:12:48','2021-09-02 14:12:48',3),(261,' .-  977322','977322','image263.png','2021-09-02 14:12:48','2021-09-02 14:12:48',3),(262,' .- 102322','102322','image264.png','2021-09-02 14:12:48','2021-09-02 14:12:48',24),(263,' .- 656322','656322','image265.png','2021-09-02 14:12:48','2021-09-02 14:12:48',24),(264,' .- 405322 .0-3','405322','image266.png','2021-09-02 14:12:48','2021-09-02 14:12:48',13),(265,'- - ,, 711509','711509','image267.png','2021-09-02 14:12:48','2021-09-02 14:12:48',33),(266,'  - 044108','44108','image268.png','2021-09-02 14:12:48','2021-09-02 14:12:48',33),(267,'- 288101','288101','image269.png','2021-09-02 14:12:48','2021-09-02 14:12:48',33),(268,'- 980509 .0-3','980509','image270.png','2021-09-02 14:12:48','2021-09-02 14:12:48',33),(269,'- 288212 .80*80','288212','image271.png','2021-09-02 14:12:48','2021-09-02 14:12:48',33),(270,' - 343108','343108','image272.png','2021-09-02 14:12:48','2021-09-02 14:12:48',33),(271,' - 342108','342108','image273.png','2021-09-02 14:12:48','2021-09-02 14:12:48',33),(272,' - 342212','342212','image274.png','2021-09-02 14:12:48','2021-09-02 14:12:48',33),(273,' .-, 555212','555212','image275.png','2021-09-02 14:12:48','2021-09-02 14:12:48',33),(274,'- ,271212','271212','image276.png','2021-09-02 14:12:48','2021-09-02 14:12:48',33),(275,' -  410801','410801','image277.png','2021-09-02 14:12:48','2021-09-02 14:12:48',14),(276,'- 055801','55801','image278.png','2021-09-02 14:12:48','2021-09-02 14:12:48',14),(277,' .- 481801','481801','image279.png','2021-09-02 14:12:48','2021-09-02 14:12:48',14),(278,'- 889801 .0-3 .','889801','image280.png','2021-09-02 14:12:48','2021-09-02 14:12:48',14),(279,' -  481800','481800','image281.png','2021-09-02 14:12:48','2021-09-02 14:12:48',14),(280,' - 410800','410800','image282.png','2021-09-02 14:12:48','2021-09-02 14:12:48',14),(281,' -   688230','688230','image283.png','2021-09-02 14:12:48','2021-09-02 14:12:48',34),(282,'-   528230','528230','image284.png','2021-09-02 14:12:48','2021-09-02 14:12:48',34),(283,'-  621230','621230','image285.png','2021-09-02 14:12:48','2021-09-02 14:12:48',34),(284,' -   445230','445230','image286.png','2021-09-02 14:12:48','2021-09-02 14:12:48',34),(285,' -   211230','211230','image287.png','2021-09-02 14:12:48','2021-09-02 14:12:48',34),(286,' -   071230','71230','image288.png','2021-09-02 14:12:48','2021-09-02 14:12:48',34),(287,' -   070230','70230','image289.png','2021-09-02 14:12:49','2021-09-02 14:12:49',34),(288,' -   405230','405230','image290.png','2021-09-02 14:12:49','2021-09-02 14:12:49',34),(289,' -   055230','55230','image291.png','2021-09-02 14:12:49','2021-09-02 14:12:49',34),(290,' -   932230','932230','image292.png','2021-09-02 14:12:49','2021-09-02 14:12:49',34),(291,' -   931230','931230','image293.png','2021-09-02 14:12:49','2021-09-02 14:12:49',34),(292,'-  9251022','9251022','image294.png','2021-09-02 14:12:49','2021-09-02 14:12:49',34),(293,' .-  5541022','5541022','image295.png','2021-09-02 14:12:49','2021-09-02 14:12:49',34),(294,' -  5291022','5291022','image296.png','2021-09-02 14:12:49','2021-09-02 14:12:49',34),(295,' .-  6211022','6211022','image297.png','2021-09-02 14:12:49','2021-09-02 14:12:49',34),(296,' -   6991022','6991022','image298.png','2021-09-02 14:12:49','2021-09-02 14:12:49',34),(297,' - 599905','599905','image299.png','2021-09-02 14:12:49','2021-09-02 14:12:49',35),(298,'- 778905','778905','image300.png','2021-09-02 14:12:49','2021-09-02 14:12:49',35),(299,' -, 692905','692905','image301.png','2021-09-02 14:12:49','2021-09-02 14:12:49',35),(300,' - 677905','677905','image302.png','2021-09-02 14:12:49','2021-09-02 14:12:49',35),(301,' - 672905','672905','image303.png','2021-09-02 14:12:49','2021-09-02 14:12:49',35),(302,' .- 605905','605905','image304.png','2021-09-02 14:12:49','2021-09-02 14:12:49',35),(303,' .- 606905','606905','image305.png','2021-09-02 14:12:49','2021-09-02 14:12:49',35),(304,' .- 481905','481905','image306.png','2021-09-02 14:12:49','2021-09-02 14:12:49',35),(305,' .- 600905','600905','image307.png','2021-09-02 14:12:49','2021-09-02 14:12:49',35),(306,' - 684169','684169','image308.png','2021-09-02 14:12:49','2021-09-02 14:12:49',24),(307,' .-   683169','683169','image309.png','2021-09-02 14:12:49','2021-09-02 14:12:49',24),(308,' .- 4951020','4951020','image310.png','2021-09-02 14:12:49','2021-09-02 14:12:49',24),(309,' .- 736110','736110','image311.png','2021-09-02 14:12:49','2021-09-02 14:12:49',24),(310,' .- 1411002','1411002','image312.png','2021-09-02 14:12:49','2021-09-02 14:12:49',24),(311,'  -  503169','503169','image313.png','2021-09-02 14:12:49','2021-09-02 14:12:49',24),(312,' .- 8401020','8401020','image314.png','2021-09-02 14:12:49','2021-09-02 14:12:49',24),(313,' .- 683110','683110','image315.png','2021-09-02 14:12:49','2021-09-02 14:12:49',24),(314,' - 484169','484169','image316.png','2021-09-02 14:12:49','2021-09-02 14:12:49',24),(315,'- 139169','139169','image317.png','2021-09-02 14:12:49','2021-09-02 14:12:49',24),(316,' - 482169','482169','image318.png','2021-09-02 14:12:49','2021-09-02 14:12:49',24),(317,'- 671169','671169','image319.png','2021-09-02 14:12:49','2021-09-02 14:12:49',24),(318,' .- 764110','764110','image320.png','2021-09-02 14:12:49','2021-09-02 14:12:49',24),(319,' - - 023117','23117','image321.png','2021-09-02 14:12:49','2021-09-02 14:12:49',36),(320,'  .-- 707118','707118','image322.png','2021-09-02 14:12:49','2021-09-02 14:12:49',36),(321,'  .-- 707117','707117','image323.png','2021-09-02 14:12:49','2021-09-02 14:12:49',36),(322,' - 1341006','1341006','image324.png','2021-09-02 14:12:49','2021-09-02 14:12:49',1),(323,' -   134230','134230','image325.png','2021-09-02 14:12:49','2021-09-02 14:12:49',1),(324,' - 1301002','1301002','image326.png','2021-09-02 14:12:49','2021-09-02 14:12:49',1),(325,' - 1341002','1341002','image327.png','2021-09-02 14:12:49','2021-09-02 14:12:49',1),(326,' .- 380169','380169','image328.png','2021-09-02 14:12:50','2021-09-02 14:12:50',1),(327,' .- 479110','479110','image329.png','2021-09-02 14:12:50','2021-09-02 14:12:50',1),(328,'   -- 930117','930117','image330.png','2021-09-02 14:12:50','2021-09-02 14:12:50',19),(329,'  - 300222','300222','image331.png','2021-09-02 14:12:50','2021-09-02 14:12:50',19),(330,' -  702108','702108','image332.png','2021-09-02 14:12:50','2021-09-02 14:12:50',19),(331,' - 030108','30108','image333.png','2021-09-02 14:12:50','2021-09-02 14:12:50',19),(332,' -  043108','43108','image334.png','2021-09-02 14:12:50','2021-09-02 14:12:50',19),(333,' -  042108','42108','image335.png','2021-09-02 14:12:50','2021-09-02 14:12:50',19),(334,' -  031108','31108','image336.png','2021-09-02 14:12:50','2021-09-02 14:12:50',19),(335,' .- 740169','740169','image337.png','2021-09-02 14:12:50','2021-09-02 14:12:50',19),(336,' -  052108','52108','image338.png','2021-09-02 14:12:50','2021-09-02 14:12:50',19),(337,'- 300111','300111','image339.png','2021-09-02 14:12:50','2021-09-02 14:12:50',19),(338,' -  740212','740212','image340.png','2021-09-02 14:12:50','2021-09-02 14:12:50',19),(339,' - 664110','664110','image341.png','2021-09-02 14:12:50','2021-09-02 14:12:50',19),(340,' - 300105','300105','image342.png','2021-09-02 14:12:50','2021-09-02 14:12:50',19),(341,'  - 3611006','3611006','image343.png','2021-09-02 14:12:50','2021-09-02 14:12:50',19),(342,' -  397110','397110','image344.png','2021-09-02 14:12:50','2021-09-02 14:12:50',19),(343,'-- 938117','938117','image345.png','2021-09-02 14:12:50','2021-09-02 14:12:50',19),(344,'-- 459117','459117','image346.png','2021-09-02 14:12:50','2021-09-02 14:12:50',19),(345,' .- 449110','449110','image347.png','2021-09-02 14:12:50','2021-09-02 14:12:50',19),(346,' -   560169','560169','image348.png','2021-09-02 14:12:50','2021-09-02 14:12:50',16),(347,' -  555117','555117','image349.png','2021-09-02 14:12:50','2021-09-02 14:12:50',16),(348,' -  891320','891320','image350.png','2021-09-02 14:12:50','2021-09-02 14:12:50',37),(349,'- 054212','54212','image351.png','2021-09-02 14:12:50','2021-09-02 14:12:50',37),(350,'- 054320','54320','image352.png','2021-09-02 14:12:50','2021-09-02 14:12:50',37),(351,'  .-- 7081030','7081030','image353.png','2021-09-02 14:12:50','2021-09-02 14:12:50',37),(352,' - 774320','774320','image354.png','2021-09-02 14:12:50','2021-09-02 14:12:50',37),(353,' -  891212','891212','image355.png','2021-09-02 14:12:50','2021-09-02 14:12:50',37),(354,'  -- 933117','933117','image356.png','2021-09-02 14:12:50','2021-09-02 14:12:50',37),(355,' .--. 300320','300320','image357.png','2021-09-02 14:12:50','2021-09-02 14:12:50',37),(356,'  .-- 708117','708117','image358.png','2021-09-02 14:12:50','2021-09-02 14:12:50',37),(357,' .- 557169','557169','image359.png','2021-09-02 14:12:50','2021-09-02 14:12:50',38),(358,'     -   6791022','6791022','image360.png','2021-09-02 14:12:50','2021-09-02 14:12:50',38),(359,' .- 448169','448169','image361.png','2021-09-02 14:12:51','2021-09-02 14:12:51',38),(360,' .- 557110','557110','image362.png','2021-09-02 14:12:51','2021-09-02 14:12:51',38),(361,'- 082108','82108','image363.png','2021-09-02 14:12:51','2021-09-02 14:12:51',39),(362,' - , 456169','456169','image364.png','2021-09-02 14:12:51','2021-09-02 14:12:51',39),(363,' - 175169','175169','image365.png','2021-09-02 14:12:51','2021-09-02 14:12:51',39),(364,' - 300169','300169','image366.png','2021-09-02 14:12:51','2021-09-02 14:12:51',39),(365,' - 483169','483169','image367.png','2021-09-02 14:12:51','2021-09-02 14:12:51',39);
/*!40000 ALTER TABLE `products` ENABLE KEYS */;
UNLOCK TABLES;

--
-- Table structure for table `recoveries`
--

DROP TABLE IF EXISTS `recoveries`;
/*!40101 SET @saved_cs_client     = @@character_set_client */;
/*!50503 SET character_set_client = utf8mb4 */;
CREATE TABLE `recoveries` (
  `id` int NOT NULL AUTO_INCREMENT,
  `email` varchar(255) COLLATE utf8mb4_bin NOT NULL,
  `date` varchar(255) COLLATE utf8mb4_bin NOT NULL,
  `token` varchar(255) COLLATE utf8mb4_bin NOT NULL,
  `createdAt` datetime NOT NULL,
  `updatedAt` datetime NOT NULL,
  PRIMARY KEY (`id`),
  UNIQUE KEY `email` (`email`),
  UNIQUE KEY `token` (`token`)
) ENGINE=InnoDB AUTO_INCREMENT=14 DEFAULT CHARSET=utf8mb4 COLLATE=utf8mb4_bin;
/*!40101 SET character_set_client = @saved_cs_client */;

--
-- Dumping data for table `recoveries`
--

LOCK TABLES `recoveries` WRITE;
/*!40000 ALTER TABLE `recoveries` DISABLE KEYS */;
INSERT INTO `recoveries` VALUES (7,'egorka115@i.ua','2021-09-02 17:20:40','55b97f792d745cd0bd3edf801440f591e1f8ec4be7115863c17960a3d1881b7a','2021-09-02 13:20:40','2021-09-02 13:20:40'),(12,'bodya18x@mail.ru','2021-09-02 17:59:25','e9874f041a8bb8407dd21f059b0268c4036f00b0f1afbfd2c0e145dbe1723885','2021-09-02 13:59:25','2021-09-02 13:59:25');
/*!40000 ALTER TABLE `recoveries` ENABLE KEYS */;
UNLOCK TABLES;

--
-- Table structure for table `roles`
--

DROP TABLE IF EXISTS `roles`;
/*!40101 SET @saved_cs_client     = @@character_set_client */;
/*!50503 SET character_set_client = utf8mb4 */;
CREATE TABLE `roles` (
  `id` int NOT NULL AUTO_INCREMENT,
  `role` varchar(255) COLLATE utf8mb4_bin NOT NULL,
  `createdAt` datetime NOT NULL,
  `updatedAt` datetime NOT NULL,
  PRIMARY KEY (`id`),
  UNIQUE KEY `role` (`role`)
) ENGINE=InnoDB AUTO_INCREMENT=3 DEFAULT CHARSET=utf8mb4 COLLATE=utf8mb4_bin;
/*!40101 SET character_set_client = @saved_cs_client */;

--
-- Dumping data for table `roles`
--

LOCK TABLES `roles` WRITE;
/*!40000 ALTER TABLE `roles` DISABLE KEYS */;
INSERT INTO `roles` VALUES (1,'Admin','2021-08-20 12:54:22','2021-08-20 12:54:22'),(2,'User','2021-08-20 12:54:37','2021-08-20 12:54:37');
/*!40000 ALTER TABLE `roles` ENABLE KEYS */;
UNLOCK TABLES;

--
-- Table structure for table `sessions`
--

DROP TABLE IF EXISTS `sessions`;
/*!40101 SET @saved_cs_client     = @@character_set_client */;
/*!50503 SET character_set_client = utf8mb4 */;
CREATE TABLE `sessions` (
  `session_id` varchar(128) CHARACTER SET utf8mb4 COLLATE utf8mb4_bin NOT NULL,
  `expires` int unsigned NOT NULL,
  `data` mediumtext CHARACTER SET utf8mb4 COLLATE utf8mb4_bin,
  PRIMARY KEY (`session_id`)
) ENGINE=InnoDB DEFAULT CHARSET=utf8mb4 COLLATE=utf8mb4_bin;
/*!40101 SET character_set_client = @saved_cs_client */;

--
-- Dumping data for table `sessions`
--

LOCK TABLES `sessions` WRITE;
/*!40000 ALTER TABLE `sessions` DISABLE KEYS */;
INSERT INTO `sessions` VALUES ('xE52ewZknEMe1RpOh-o3XZXZOuArrCMU',1631696003,'{\"cookie\":{\"originalMaxAge\":null,\"expires\":null,\"httpOnly\":true,\"path\":\"/\"},\"user\":{\"id\":6,\"name\":\"\",\"email\":\"bodya18x@mail.ru\",\"password\":\"$2a$10$q4GVWj7I0UOtS3sYXHRoyOkdeCzpB7.URqaxKUnbtedTQrMo299Gu\",\"status\":2,\"token\":\"0fb713d91a9c0e4501d36919cc3fa1cd416d3eb69fea1e1cdd20b2b53ddfa813\",\"createdAt\":\"2021-08-23T09:44:12.000Z\",\"updatedAt\":\"2021-09-02T13:59:08.000Z\"},\"isAuthenticated\":true,\"Perm\":[\"GIVE\",\"Standart\"],\"Admin\":true,\"flash\":{}}');
/*!40000 ALTER TABLE `sessions` ENABLE KEYS */;
UNLOCK TABLES;

--
-- Table structure for table `settings`
--

DROP TABLE IF EXISTS `settings`;
/*!40101 SET @saved_cs_client     = @@character_set_client */;
/*!50503 SET character_set_client = utf8mb4 */;
CREATE TABLE `settings` (
  `id` int NOT NULL AUTO_INCREMENT,
  `title` varchar(255) COLLATE utf8mb4_bin NOT NULL,
  `value` text COLLATE utf8mb4_bin,
  `createdAt` datetime DEFAULT NULL,
  `updatedAt` datetime DEFAULT NULL,
  `_key` varchar(255) COLLATE utf8mb4_bin NOT NULL,
  `type_value` int NOT NULL,
  PRIMARY KEY (`id`),
  UNIQUE KEY `_key_UNIQUE` (`_key`)
) ENGINE=InnoDB AUTO_INCREMENT=11 DEFAULT CHARSET=utf8mb4 COLLATE=utf8mb4_bin;
/*!40101 SET character_set_client = @saved_cs_client */;

--
-- Dumping data for table `settings`
--

LOCK TABLES `settings` WRITE;
/*!40000 ALTER TABLE `settings` DISABLE KEYS */;
INSERT INTO `settings` VALUES (1,' ','40','2021-09-01 08:33:22','2021-08-31 09:51:12','percent',2),(2,'  1920230','6368ad10d40c525754d3b4dd146ea771','2021-09-01 08:33:22','2021-09-01 20:17:43','Main_header',3),(3,'Main slider 1920850','f62fe6ada29969568d60379b9ecd7079,505f03ea52e64f6ad1d6e63d9d727634','2021-09-01 08:33:22','2021-08-31 11:39:12','Main_slider',4),(4,'  ','<blockquote><p><strong>The best experience ever. Would recommended it everyone. We got married in Santorini, and stayed at Santorini Resort, and it was a dream come true</strong></p></blockquote><p><i>peter daniel  travel magazine</i></p>','2021-09-01 08:33:22','2021-09-01 07:29:15','Main_quote',1),(5,'   ','<p><strong>Santorini: Five reasons to visit the beautiful Greek island</strong></p><p>Lorem ipsum dolor sit amet, consectetur adipisicing elit. Ad assumenda fuga illo laudantium magni sed temporibus. Amet atque aut autem consectetur consequuntur dolorum enim error hic inventore molestiae nisi nostrum numquam optio perspiciatis provident, quae quam quisquam quo similique suscipit veniam veritatis vero. Ab culpa cumque deleniti est explicabo facilis, ipsa itaque magni non officiis placeat provident quidem ratione recusandae reiciendis repellat, repudiandae tempora unde voluptates voluptatibus. Ab aliquid, blanditiis debitis eos eveniet ex incidunt itaque, labore maxime mollitia natus perspiciatis porro provident quidem quis reprehenderit rerum suscipit totam ullam voluptatum.</p>','2021-09-01 08:33:22','2021-09-06 14:27:34','Main_bottom_text',1),(6,'Main 3  ','31,39,43','2021-09-01 09:34:10','2021-09-01 11:40:21','Main_3_top_products',5),(7,'    750x425','07bc6645fede00fc70cc002dbd201ea2','2021-09-01 10:15:31','2021-09-01 10:21:52','main_bottom_banner',3),(8,'    ','39','2021-09-01 11:24:43','2021-09-01 11:40:01','main_hot_product',5),(9,'   ','<p>The best experience ever. Would recommended it everyone. We got married in Santorini, and stayed at Santorini Resort, and it was a dream come true.//s</p>','2021-09-02 07:58:09','2021-09-08 07:50:25','single_quote',1),(10,'SEO ','{\"og_title\":\"This is og:titile\",\"og_description\":\"This is og:descrription\"}','2021-09-09 07:47:55','2021-09-09 08:09:46','SEO',1);
/*!40000 ALTER TABLE `settings` ENABLE KEYS */;
UNLOCK TABLES;

--
-- Table structure for table `users`
--

DROP TABLE IF EXISTS `users`;
/*!40101 SET @saved_cs_client     = @@character_set_client */;
/*!50503 SET character_set_client = utf8mb4 */;
CREATE TABLE `users` (
  `id` int NOT NULL AUTO_INCREMENT,
  `name` varchar(255) COLLATE utf8mb4_bin NOT NULL,
  `email` varchar(255) COLLATE utf8mb4_bin NOT NULL,
  `password` varchar(255) COLLATE utf8mb4_bin NOT NULL,
  `status` int NOT NULL DEFAULT '1',
  `token` varchar(255) COLLATE utf8mb4_bin NOT NULL,
  `createdAt` datetime NOT NULL,
  `updatedAt` datetime NOT NULL,
  PRIMARY KEY (`id`),
  UNIQUE KEY `email` (`email`),
  UNIQUE KEY `token` (`token`)
) ENGINE=InnoDB AUTO_INCREMENT=9 DEFAULT CHARSET=utf8mb4 COLLATE=utf8mb4_bin;
/*!40101 SET character_set_client = @saved_cs_client */;

--
-- Dumping data for table `users`
--

LOCK TABLES `users` WRITE;
/*!40000 ALTER TABLE `users` DISABLE KEYS */;
INSERT INTO `users` VALUES (5,'bodya18','bodya18xx@mail.ru','$2a$10$cs9trRozCdrZWkVSF.w9ceRt6pJTQ9pDshhCRRqG7RzKuh9U1FTg.',1,'a76f3d01437e954fdc93e35330b2d21817753f3f094e636a61eb5b0cbba6a54e','2021-08-20 14:27:31','2021-08-20 14:27:31'),(6,'','bodya18x@mail.ru','$2a$10$q4GVWj7I0UOtS3sYXHRoyOkdeCzpB7.URqaxKUnbtedTQrMo299Gu',2,'0fb713d91a9c0e4501d36919cc3fa1cd416d3eb69fea1e1cdd20b2b53ddfa813','2021-08-23 09:44:12','2021-09-02 13:59:08');
/*!40000 ALTER TABLE `users` ENABLE KEYS */;
UNLOCK TABLES;
/*!40103 SET TIME_ZONE=@OLD_TIME_ZONE */;

/*!40101 SET SQL_MODE=@OLD_SQL_MODE */;
/*!40014 SET FOREIGN_KEY_CHECKS=@OLD_FOREIGN_KEY_CHECKS */;
/*!40014 SET UNIQUE_CHECKS=@OLD_UNIQUE_CHECKS */;
/*!40101 SET CHARACTER_SET_CLIENT=@OLD_CHARACTER_SET_CLIENT */;
/*!40101 SET CHARACTER_SET_RESULTS=@OLD_CHARACTER_SET_RESULTS */;
/*!40101 SET COLLATION_CONNECTION=@OLD_COLLATION_CONNECTION */;
/*!40111 SET SQL_NOTES=@OLD_SQL_NOTES */;

-- Dump completed on 2021-09-14 12:12:38
